dataset,target,feature,n_rows_used,pearson,spearman,abs_spearman,abs_pearson
CALB,SOH,voltage_mean,2791,0.5952859387270081,0.6929709595942058,0.6929709595942058,0.5952859387270081
CALB,SOH,voltage_std,2791,-0.8631091926638549,-0.7093383476712234,0.7093383476712234,0.8631091926638549
CALB,SOH,voltage_kurtosis,2791,0.9471552885304426,0.704326253100654,0.704326253100654,0.9471552885304426
CALB,SOH,voltage_skewness,2791,-0.9660319726952067,-0.7018832393557749,0.7018832393557749,0.9660319726952067
CALB,SOH,CC_Q,2791,0.1901819393824183,0.3727292268239452,0.3727292268239452,0.1901819393824183
CALB,SOH,CC_charge_time,2791,0.8821266989836655,0.6565270420231295,0.6565270420231295,0.8821266989836655
CALB,SOH,voltage_slope,2791,-0.9769630317321,-0.6508889328620338,0.6508889328620338,0.9769630317321
CALB,SOH,voltage_entropy,2791,-0.656103832363171,-0.8291491933654564,0.8291491933654564,0.656103832363171
CALB,SOH,current_mean,2791,-0.9788833670067465,-0.6784249172002119,0.6784249172002119,0.9788833670067465
CALB,SOH,current_std,2791,-0.976920748577243,-0.5546372598803082,0.5546372598803082,0.976920748577243
CALB,SOH,current_kurtosis,2791,-0.9632626312569644,-0.6844120059268695,0.6844120059268695,0.9632626312569644
CALB,SOH,current_skewness,2791,-0.95352464128549,-0.624053637434702,0.624053637434702,0.95352464128549
CALB,SOH,CV_Q,2791,-0.9898865670094544,-0.876456905607437,0.876456905607437,0.9898865670094544
CALB,SOH,CV_charge_time,2791,-0.9857877991056021,-0.8857564621083487,0.8857564621083487,0.9857877991056021
CALB,SOH,current_slope,2791,-0.6966733096887034,-0.8650966675759958,0.8650966675759958,0.6966733096887034
CALB,SOH,current_entropy,2791,-0.8403368864862985,-0.8038320510867462,0.8038320510867462,0.8403368864862985
CALB,RUL,voltage_mean,2791,-0.0915942040745421,-0.11078764751341648,0.11078764751341648,0.0915942040745421
CALB,RUL,voltage_std,2791,0.22740221535666155,0.22514814449399284,0.22514814449399284,0.22740221535666155
CALB,RUL,voltage_kurtosis,2791,-0.18226394428782314,-0.19254273737246638,0.19254273737246638,0.18226394428782314
CALB,RUL,voltage_skewness,2791,0.2053841148856157,0.33445483283689503,0.33445483283689503,0.2053841148856157
CALB,RUL,CC_Q,2791,0.02199783185025845,0.07250366319455065,0.07250366319455065,0.02199783185025845
CALB,RUL,CC_charge_time,2791,-0.15897719113395134,-0.17254956344686773,0.17254956344686773,0.15897719113395134
CALB,RUL,voltage_slope,2791,0.15464884586150154,0.16832536580979193,0.16832536580979193,0.15464884586150154
CALB,RUL,voltage_entropy,2791,0.14524449106779092,0.17015935996126857,0.17015935996126857,0.14524449106779092
CALB,RUL,current_mean,2791,0.15800033788375742,-0.000513382634050814,0.000513382634050814,0.15800033788375742
CALB,RUL,current_std,2791,0.18338674124761103,0.06244659297768866,0.06244659297768866,0.18338674124761103
CALB,RUL,current_kurtosis,2791,0.21589779617183072,0.19036397619331688,0.19036397619331688,0.21589779617183072
CALB,RUL,current_skewness,2791,0.2156228918156648,0.20038521660692266,0.20038521660692266,0.2156228918156648
CALB,RUL,CV_Q,2791,0.14916955241916266,0.03038386836640807,0.03038386836640807,0.14916955241916266
CALB,RUL,CV_charge_time,2791,0.16304678728777017,0.08009862534385931,0.08009862534385931,0.16304678728777017
CALB,RUL,current_slope,2791,0.10893536649460092,0.11210336614080228,0.11210336614080228,0.10893536649460092
CALB,RUL,current_entropy,2791,0.11171309630429739,0.03097612140342298,0.03097612140342298,0.11171309630429739
CALCE,SOH,voltage_mean,14298,-0.2997067222620453,-0.8975896637625764,0.8975896637625764,0.2997067222620453
CALCE,SOH,voltage_std,14298,0.6450124079764259,0.7189604291684024,0.7189604291684024,0.6450124079764259
CALCE,SOH,voltage_kurtosis,14298,-0.37404715121060356,0.38405904878562486,0.38405904878562486,0.37404715121060356
CALCE,SOH,voltage_skewness,14298,0.7045264985871165,0.6087087018823186,0.6087087018823186,0.7045264985871165
CALCE,SOH,CC_Q,14298,0.7964135604089191,0.6729662657259965,0.6729662657259965,0.7964135604089191
CALCE,SOH,CC_charge_time,14298,0.6929032139988025,0.6539113999138254,0.6539113999138254,0.6929032139988025
CALCE,SOH,voltage_slope,14298,-0.16623315248145157,-0.7142719999347359,0.7142719999347359,0.16623315248145157
CALCE,SOH,voltage_entropy,14298,0.2061209787680716,-0.3894652353755118,0.3894652353755118,0.2061209787680716
CALCE,SOH,current_mean,14298,-0.12338024246781695,-0.3506188656521881,0.3506188656521881,0.12338024246781695
CALCE,SOH,current_std,14298,-0.11630544011415156,-0.359618155595484,0.359618155595484,0.11630544011415156
CALCE,SOH,current_kurtosis,14298,0.03328980856790387,0.10508319413661686,0.10508319413661686,0.03328980856790387
CALCE,SOH,current_skewness,14298,-0.03441022679554876,-0.09949691583962254,0.09949691583962254,0.03441022679554876
CALCE,SOH,CV_Q,14298,-0.34087989006806163,-0.5608906657049069,0.5608906657049069,0.34087989006806163
CALCE,SOH,CV_charge_time,14298,0.2791884774276352,0.21587249156941685,0.21587249156941685,0.2791884774276352
CALCE,SOH,current_slope,14298,0.24072348599041643,0.2540701432929701,0.2540701432929701,0.24072348599041643
CALCE,SOH,current_entropy,14298,-0.10415920661000942,-0.26157289054507604,0.26157289054507604,0.10415920661000942
CALCE,RUL,voltage_mean,14298,-0.21144708633104864,-0.649018973425413,0.649018973425413,0.21144708633104864
CALCE,RUL,voltage_std,14298,0.48375185121769637,0.6273822555327436,0.6273822555327436,0.48375185121769637
CALCE,RUL,voltage_kurtosis,14298,-0.15410955525081124,0.260729182311785,0.260729182311785,0.15410955525081124
CALCE,RUL,voltage_skewness,14298,0.3577773846660566,0.3201687923817104,0.3201687923817104,0.3577773846660566
CALCE,RUL,CC_Q,14298,0.6772524469805953,0.759975479463217,0.759975479463217,0.6772524469805953
CALCE,RUL,CC_charge_time,14298,0.40061698900835396,0.4172142571316644,0.4172142571316644,0.40061698900835396
CALCE,RUL,voltage_slope,14298,-0.19891401574189022,-0.3893954076717702,0.3893954076717702,0.19891401574189022
CALCE,RUL,voltage_entropy,14298,0.0633642032750696,-0.17261970903943888,0.17261970903943888,0.0633642032750696
CALCE,RUL,current_mean,14298,0.2113837993648047,0.06125571471430537,0.06125571471430537,0.2113837993648047
CALCE,RUL,current_std,14298,0.2292013549140057,0.06641828523721793,0.06641828523721793,0.2292013549140057
CALCE,RUL,current_kurtosis,14298,-0.16992179571569938,-0.24870373542376142,0.24870373542376142,0.16992179571569938
CALCE,RUL,current_skewness,14298,0.09856337496061991,0.10739517718710048,0.10739517718710048,0.09856337496061991
CALCE,RUL,CV_Q,14298,-0.021760962238781798,-0.13019520384450442,0.13019520384450442,0.021760962238781798
CALCE,RUL,CV_charge_time,14298,0.409223065881437,0.40809695002291124,0.40809695002291124,0.409223065881437
CALCE,RUL,current_slope,14298,0.14466325203533953,0.18000420428532152,0.18000420428532152,0.14466325203533953
CALCE,RUL,current_entropy,14298,0.21096799645849726,0.15274605671645064,0.15274605671645064,0.21096799645849726
HNEI,SOH,voltage_mean,15164,-0.2269067346119296,-0.9729443448131013,0.9729443448131013,0.2269067346119296
HNEI,SOH,voltage_std,15164,0.5881974235200799,0.8824297519582045,0.8824297519582045,0.5881974235200799
HNEI,SOH,voltage_kurtosis,15164,0.4194609236456881,0.5308264607813891,0.5308264607813891,0.4194609236456881
HNEI,SOH,voltage_skewness,15164,0.9680897889636462,0.9794639993533358,0.9794639993533358,0.9680897889636462
HNEI,SOH,CC_Q,15164,0.9786874565615944,0.9876742727254683,0.9876742727254683,0.9786874565615944
HNEI,SOH,CC_charge_time,15164,0.9460266264956746,0.9878710721606271,0.9878710721606271,0.9460266264956746
HNEI,SOH,voltage_slope,15164,-0.9089164500453975,-0.9878493115059217,0.9878493115059217,0.9089164500453975
HNEI,SOH,voltage_entropy,15164,0.20250061677106568,0.6005840963554734,0.6005840963554734,0.20250061677106568
HNEI,SOH,current_mean,15164,0.895862057870934,0.9629529415268838,0.9629529415268838,0.895862057870934
HNEI,SOH,current_std,15164,0.9238796026350765,0.9548586519551738,0.9548586519551738,0.9238796026350765
HNEI,SOH,current_kurtosis,15164,-0.9156885480514194,-0.9681182124302367,0.9681182124302367,0.9156885480514194
HNEI,SOH,current_skewness,15164,-0.9189822423591363,-0.965906112789767,0.965906112789767,0.9189822423591363
HNEI,SOH,CV_Q,15164,-0.6788275163059837,-0.8005737464233116,0.8005737464233116,0.6788275163059837
HNEI,SOH,CV_charge_time,15164,-0.8469071746917972,-0.9546852858344765,0.9546852858344765,0.8469071746917972
HNEI,SOH,current_slope,15164,-0.9161719856284031,-0.9679328956453487,0.9679328956453487,0.9161719856284031
HNEI,SOH,current_entropy,15164,0.8864248589416053,0.9516117296749341,0.9516117296749341,0.8864248589416053
HNEI,RUL,voltage_mean,15164,-0.22521277925145036,-0.9632915979975777,0.9632915979975777,0.22521277925145036
HNEI,RUL,voltage_std,15164,0.5724142938685265,0.869215591939302,0.869215591939302,0.5724142938685265
HNEI,RUL,voltage_kurtosis,15164,0.4204623839968145,0.5367900455879093,0.5367900455879093,0.4204623839968145
HNEI,RUL,voltage_skewness,15164,0.9670532696350402,0.9754374529012059,0.9754374529012059,0.9670532696350402
HNEI,RUL,CC_Q,15164,0.973301478571294,0.9777280198139294,0.9777280198139294,0.973301478571294
HNEI,RUL,CC_charge_time,15164,0.9409259966999511,0.9782862511029803,0.9782862511029803,0.9409259966999511
HNEI,RUL,voltage_slope,15164,-0.9016702441680161,-0.9801418602551693,0.9801418602551693,0.9016702441680161
HNEI,RUL,voltage_entropy,15164,0.19556925105605652,0.5792835746892702,0.5792835746892702,0.19556925105605652
HNEI,RUL,current_mean,15164,0.9047732039067362,0.9552569352147511,0.9552569352147511,0.9047732039067362
HNEI,RUL,current_std,15164,0.9024865644114177,0.9440129873285515,0.9440129873285515,0.9024865644114177
HNEI,RUL,current_kurtosis,15164,-0.9129174731644792,-0.9623873688077313,0.9623873688077313,0.9129174731644792
HNEI,RUL,current_skewness,15164,-0.9231892385013191,-0.9604462353007952,0.9604462353007952,0.9231892385013191
HNEI,RUL,CV_Q,15164,-0.6868261658898882,-0.796656323618043,0.796656323618043,0.6868261658898882
HNEI,RUL,CV_charge_time,15164,-0.8484538044406843,-0.9475056416743334,0.9475056416743334,0.8484538044406843
HNEI,RUL,current_slope,15164,-0.9234484367898831,-0.9595375555176163,0.9595375555176163,0.9234484367898831
HNEI,RUL,current_entropy,15164,0.8676222084276706,0.9455580549103443,0.9455580549103443,0.8676222084276706
HUST,SOH,voltage_mean,146120,-0.5192145709091182,-0.5877795646684766,0.5877795646684766,0.5192145709091182
HUST,SOH,voltage_std,146120,-0.5449898493905254,-0.6021181892243671,0.6021181892243671,0.5449898493905254
HUST,SOH,voltage_kurtosis,146120,0.5756551798029049,0.6337205954107676,0.6337205954107676,0.5756551798029049
HUST,SOH,voltage_skewness,146120,0.5713440937303148,0.6361750152461743,0.6361750152461743,0.5713440937303148
HUST,SOH,CC_Q,146120,0.7463640118030119,0.8390655861433428,0.8390655861433428,0.7463640118030119
HUST,SOH,CC_charge_time,146120,0.7464111323597522,0.8403434861415402,0.8403434861415402,0.7464111323597522
HUST,SOH,voltage_slope,146120,-0.7548242372681797,-0.8506072358471848,0.8506072358471848,0.7548242372681797
HUST,SOH,voltage_entropy,146120,-0.44007788335260967,-0.500346580525144,0.500346580525144,0.44007788335260967
HUST,SOH,current_mean,146120,-0.29017656029252004,-0.3546310959509368,0.3546310959509368,0.29017656029252004
HUST,SOH,current_std,146120,-0.43067886070252354,-0.47791125762594727,0.47791125762594727,0.43067886070252354
HUST,SOH,current_kurtosis,146120,0.3203890857399758,0.39482449379904877,0.39482449379904877,0.3203890857399758
HUST,SOH,current_skewness,146120,0.29623758186089016,0.3683299773442075,0.3683299773442075,0.29623758186089016
HUST,SOH,CV_Q,146120,0.29348879527743754,0.25044203537937704,0.25044203537937704,0.29348879527743754
HUST,SOH,CV_charge_time,146120,0.413703820880888,0.36296379918648397,0.36296379918648397,0.413703820880888
HUST,SOH,current_slope,146120,0.529276781640708,0.47471296225644355,0.47471296225644355,0.529276781640708
HUST,SOH,current_entropy,146120,0.0782144685983909,0.0003027362289511229,0.0003027362289511229,0.0782144685983909
HUST,RUL,voltage_mean,146120,-0.4991536649495055,-0.5161083294543604,0.5161083294543604,0.4991536649495055
HUST,RUL,voltage_std,146120,-0.5293308002240676,-0.5243095481792011,0.5243095481792011,0.5293308002240676
HUST,RUL,voltage_kurtosis,146120,0.560548579278788,0.5592636208202305,0.5592636208202305,0.560548579278788
HUST,RUL,voltage_skewness,146120,0.5558856390144347,0.5644626353575257,0.5644626353575257,0.5558856390144347
HUST,RUL,CC_Q,146120,0.7827249612318161,0.8040808506582372,0.8040808506582372,0.7827249612318161
HUST,RUL,CC_charge_time,146120,0.7828769627066647,0.8060191761837487,0.8060191761837487,0.7828769627066647
HUST,RUL,voltage_slope,146120,-0.7488653424081365,-0.8007180596799043,0.8007180596799043,0.7488653424081365
HUST,RUL,voltage_entropy,146120,-0.42235724386552514,-0.4271111410067845,0.4271111410067845,0.42235724386552514
HUST,RUL,current_mean,146120,-0.2516506842179215,-0.27095312609258987,0.27095312609258987,0.2516506842179215
HUST,RUL,current_std,146120,-0.37776453319145487,-0.40014630943732826,0.40014630943732826,0.37776453319145487
HUST,RUL,current_kurtosis,146120,0.28083405824055707,0.3096455494485772,0.3096455494485772,0.28083405824055707
HUST,RUL,current_skewness,146120,0.25914378063111104,0.28334396145218727,0.28334396145218727,0.25914378063111104
HUST,RUL,CV_Q,146120,0.2566607845825944,0.27861790089748795,0.27861790089748795,0.2566607845825944
HUST,RUL,CV_charge_time,146120,0.36220806385895593,0.37818010265116836,0.37818010265116836,0.36220806385895593
HUST,RUL,current_slope,146120,0.4609285658293173,0.4727048998008033,0.4727048998008033,0.4609285658293173
HUST,RUL,current_entropy,146120,0.07279405523761333,0.05469023422099375,0.05469023422099375,0.07279405523761333
ISU_ILCC,SOH,voltage_mean,250000,0.5136279561106242,0.1923794643858324,0.1923794643858324,0.5136279561106242
ISU_ILCC,SOH,voltage_std,250000,0.5909967642690525,0.6543062312017581,0.6543062312017581,0.5909967642690525
ISU_ILCC,SOH,voltage_kurtosis,250000,-0.41624533390439233,-0.3106788839136165,0.3106788839136165,0.41624533390439233
ISU_ILCC,SOH,voltage_skewness,250000,-0.2875291535644605,-0.4125144455407079,0.4125144455407079,0.2875291535644605
ISU_ILCC,SOH,CC_Q,250000,0.6227685240688289,0.7702033487864858,0.7702033487864858,0.6227685240688289
ISU_ILCC,SOH,CC_charge_time,250000,0.504175796114898,0.7366963882539479,0.7366963882539479,0.504175796114898
ISU_ILCC,SOH,voltage_slope,250000,0.32901472867426895,0.6410507284673093,0.6410507284673093,0.32901472867426895
ISU_ILCC,SOH,voltage_entropy,250000,0.6508491827762743,0.6924347960442739,0.6924347960442739,0.6508491827762743
ISU_ILCC,SOH,current_mean,250000,0.0902467716146304,0.3000911581988783,0.3000911581988783,0.0902467716146304
ISU_ILCC,SOH,current_std,250000,0.21816635821958508,0.18287634194402158,0.18287634194402158,0.21816635821958508
ISU_ILCC,SOH,current_kurtosis,250000,-0.5041254482988379,-0.4698121400257696,0.4698121400257696,0.5041254482988379
ISU_ILCC,SOH,current_skewness,250000,-0.2067544199308903,-0.29100964727519285,0.29100964727519285,0.2067544199308903
ISU_ILCC,SOH,CV_Q,250000,0.5329520033978637,0.467390000692446,0.467390000692446,0.5329520033978637
ISU_ILCC,SOH,CV_charge_time,250000,0.4552771715591703,0.4469883944792825,0.4469883944792825,0.4552771715591703
ISU_ILCC,SOH,current_slope,250000,0.18771564465284593,0.12401392705303298,0.12401392705303298,0.18771564465284593
ISU_ILCC,SOH,current_entropy,250000,0.23507533802175468,0.39715971033800185,0.39715971033800185,0.23507533802175468
ISU_ILCC,RUL,voltage_mean,250000,0.16272990082740815,0.1933524140770824,0.1933524140770824,0.16272990082740815
ISU_ILCC,RUL,voltage_std,250000,-0.05027198824176154,0.0578282599613273,0.0578282599613273,0.05027198824176154
ISU_ILCC,RUL,voltage_kurtosis,250000,-0.11802682476904233,-0.09187701661592869,0.09187701661592869,0.11802682476904233
ISU_ILCC,RUL,voltage_skewness,250000,-0.11733307081044334,-0.09897450631857943,0.09897450631857943,0.11733307081044334
ISU_ILCC,RUL,CC_Q,250000,-0.06354287482202552,0.13509832654334947,0.13509832654334947,0.06354287482202552
ISU_ILCC,RUL,CC_charge_time,250000,-0.0598817701091607,0.13949457155165143,0.13949457155165143,0.0598817701091607
ISU_ILCC,RUL,voltage_slope,250000,0.10427763378434732,0.15612335027667815,0.15612335027667815,0.10427763378434732
ISU_ILCC,RUL,voltage_entropy,250000,0.15324740421775843,0.07832321368309726,0.07832321368309726,0.15324740421775843
ISU_ILCC,RUL,current_mean,250000,0.07389499985263176,0.1870626464464182,0.1870626464464182,0.07389499985263176
ISU_ILCC,RUL,current_std,250000,0.03610652872298307,-0.000981726667570795,0.000981726667570795,0.03610652872298307
ISU_ILCC,RUL,current_kurtosis,250000,-0.1921250873251527,-0.22434005654098627,0.22434005654098627,0.1921250873251527
ISU_ILCC,RUL,current_skewness,250000,-0.11423462292166767,-0.17458107974836842,0.17458107974836842,0.11423462292166767
ISU_ILCC,RUL,CV_Q,250000,-0.012598603159466025,0.00030607888161696774,0.00030607888161696774,0.012598603159466025
ISU_ILCC,RUL,CV_charge_time,250000,-0.0933077912494955,-0.07279936361813366,0.07279936361813366,0.0933077912494955
ISU_ILCC,RUL,current_slope,250000,0.013991238797786095,-0.040460605296838835,0.040460605296838835,0.013991238797786095
ISU_ILCC,RUL,current_entropy,250000,-0.008613442454038608,0.047787141906895904,0.047787141906895904,0.008613442454038608
MATR,SOH,voltage_mean,140001,0.4677623941932096,-0.732672866521901,0.732672866521901,0.4677623941932096
MATR,SOH,voltage_std,140001,0.7090910601332472,0.23427524793543206,0.23427524793543206,0.7090910601332472
MATR,SOH,voltage_kurtosis,140001,0.14216165758585972,0.4925808333693686,0.4925808333693686,0.14216165758585972
MATR,SOH,voltage_skewness,140001,0.5941097883702754,0.6172389530943508,0.6172389530943508,0.5941097883702754
MATR,SOH,CC_Q,140001,0.7223040096126959,0.6754910530409004,0.6754910530409004,0.7223040096126959
MATR,SOH,CC_charge_time,140001,0.7606135836753871,0.8879351984756036,0.8879351984756036,0.7606135836753871
MATR,SOH,voltage_slope,140001,-0.08199809812660931,0.33730300263991864,0.33730300263991864,0.08199809812660931
MATR,SOH,voltage_entropy,140001,0.7427815336849262,0.36566969927823595,0.36566969927823595,0.7427815336849262
MATR,SOH,current_mean,140001,-0.42557185533853187,-0.4821314882318563,0.4821314882318563,0.42557185533853187
MATR,SOH,current_std,140001,-0.36820834830507276,-0.4057411590383568,0.4057411590383568,0.36820834830507276
MATR,SOH,current_kurtosis,140001,0.35693625016546854,0.44195613964239294,0.44195613964239294,0.35693625016546854
MATR,SOH,current_skewness,140001,0.41398403876906553,0.4589429632617911,0.4589429632617911,0.41398403876906553
MATR,SOH,CV_Q,140001,-0.38766941293336493,0.14597259469705945,0.14597259469705945,0.38766941293336493
MATR,SOH,CV_charge_time,140001,-0.5878686281662251,0.1800010489748289,0.1800010489748289,0.5878686281662251
MATR,SOH,current_slope,140001,-0.2082016921054351,0.2690195113648868,0.2690195113648868,0.2082016921054351
MATR,SOH,current_entropy,140001,-0.3973531701214927,-0.19990717559918691,0.19990717559918691,0.3973531701214927
MATR,RUL,voltage_mean,140001,0.13376475160438556,-0.7559496337453552,0.7559496337453552,0.13376475160438556
MATR,RUL,voltage_std,140001,0.3820883509497366,0.35259832910775024,0.35259832910775024,0.3820883509497366
MATR,RUL,voltage_kurtosis,140001,0.2327605200881056,0.446254318196544,0.446254318196544,0.2327605200881056
MATR,RUL,voltage_skewness,140001,0.5783280176548832,0.7153003108558754,0.7153003108558754,0.5783280176548832
MATR,RUL,CC_Q,140001,0.5479424228927374,0.85207575881162,0.85207575881162,0.5479424228927374
MATR,RUL,CC_charge_time,140001,0.5383318581022288,0.7036859188589363,0.7036859188589363,0.5383318581022288
MATR,RUL,voltage_slope,140001,-0.1854546645535566,0.11820097461152605,0.11820097461152605,0.1854546645535566
MATR,RUL,voltage_entropy,140001,0.3063999747225735,0.09166510477022023,0.09166510477022023,0.3063999747225735
MATR,RUL,current_mean,140001,-0.4688599814823684,-0.5447400956371593,0.5447400956371593,0.4688599814823684
MATR,RUL,current_std,140001,-0.40746041636268726,-0.46963117190660925,0.46963117190660925,0.40746041636268726
MATR,RUL,current_kurtosis,140001,0.43128241100310144,0.5495651667404919,0.5495651667404919,0.43128241100310144
MATR,RUL,current_skewness,140001,0.4664860434695782,0.5421199173439945,0.5421199173439945,0.4664860434695782
MATR,RUL,CV_Q,140001,-0.24996962611127432,-0.2021831035734645,0.2021831035734645,0.24996962611127432
MATR,RUL,CV_charge_time,140001,-0.24672361888550945,-0.1782921256481695,0.1782921256481695,0.24672361888550945
MATR,RUL,current_slope,140001,-0.04192704777738725,-0.05239970547288619,0.05239970547288619,0.04192704777738725
MATR,RUL,current_entropy,140001,-0.2595877342939973,-0.27325979403955597,0.27325979403955597,0.2595877342939973
MICH,SOH,voltage_mean,19895,0.2917421915490679,-0.30541447088055723,0.30541447088055723,0.2917421915490679
MICH,SOH,voltage_std,19895,0.7631129397582332,0.3118381640705063,0.3118381640705063,0.7631129397582332
MICH,SOH,voltage_kurtosis,19895,-0.4708360995422835,-0.4920295865377177,0.4920295865377177,0.4708360995422835
MICH,SOH,voltage_skewness,19895,0.2775650957865458,0.42146288986548797,0.42146288986548797,0.2775650957865458
MICH,SOH,CC_Q,19895,0.9916659167941386,0.8998334598444082,0.8998334598444082,0.9916659167941386
MICH,SOH,CC_charge_time,19895,0.9915681447926912,0.8996760443838285,0.8996760443838285,0.9915681447926912
MICH,SOH,voltage_slope,19895,-0.519719318502136,-0.6744157802663947,0.6744157802663947,0.519719318502136
MICH,SOH,voltage_entropy,19895,0.5172497598387928,0.10042608503746882,0.10042608503746882,0.5172497598387928
MICH,SOH,current_mean,19895,0.4636884362925122,0.5619844081587013,0.5619844081587013,0.4636884362925122
MICH,SOH,current_std,19895,0.6859318143404178,0.727962436499994,0.727962436499994,0.6859318143404178
MICH,SOH,current_kurtosis,19895,-0.5092969506704005,-0.5229953551965745,0.5229953551965745,0.5092969506704005
MICH,SOH,current_skewness,19895,-0.49435742013416056,-0.49621926022714435,0.49621926022714435,0.49435742013416056
MICH,SOH,CV_Q,19895,-0.6997938020946043,-0.8887936757867069,0.8887936757867069,0.6997938020946043
MICH,SOH,CV_charge_time,19895,-0.7459046382508716,-0.9036347780212309,0.9036347780212309,0.7459046382508716
MICH,SOH,current_slope,19895,-0.6655257615594844,-0.8818734805608764,0.8818734805608764,0.6655257615594844
MICH,SOH,current_entropy,19895,0.15632691291625164,0.133129133730113,0.133129133730113,0.15632691291625164
MICH,RUL,voltage_mean,19895,0.10040896314685316,-0.2858322373547004,0.2858322373547004,0.10040896314685316
MICH,RUL,voltage_std,19895,0.31256289573015955,0.2649527057311363,0.2649527057311363,0.31256289573015955
MICH,RUL,voltage_kurtosis,19895,-0.14965667139091146,-0.44057720291638436,0.44057720291638436,0.14965667139091146
MICH,RUL,voltage_skewness,19895,0.10207768540690933,0.3968377531333543,0.3968377531333543,0.10207768540690933
MICH,RUL,CC_Q,19895,0.7274160645558204,0.9294795566397765,0.9294795566397765,0.7274160645558204
MICH,RUL,CC_charge_time,19895,0.7274131272647077,0.9293148461226798,0.9293148461226798,0.7274131272647077
MICH,RUL,voltage_slope,19895,-0.33622677928427297,-0.7963761320270205,0.7963761320270205,0.33622677928427297
MICH,RUL,voltage_entropy,19895,0.16436261437245836,0.0652063627775987,0.0652063627775987,0.16436261437245836
MICH,RUL,current_mean,19895,0.3646180487337572,0.403545129761352,0.403545129761352,0.3646180487337572
MICH,RUL,current_std,19895,0.537117055824739,0.5722361947965123,0.5722361947965123,0.537117055824739
MICH,RUL,current_kurtosis,19895,-0.296891429466512,-0.3684255504316621,0.3684255504316621,0.296891429466512
MICH,RUL,current_skewness,19895,-0.31727135297658604,-0.3421102927879447,0.3421102927879447,0.31727135297658604
MICH,RUL,CV_Q,19895,-0.7734587474086806,-0.7795811655569517,0.7795811655569517,0.7734587474086806
MICH,RUL,CV_charge_time,19895,-0.7784705133156643,-0.766905663132083,0.766905663132083,0.7784705133156643
MICH,RUL,current_slope,19895,-0.6626500276627862,-0.7343049838771807,0.7343049838771807,0.6626500276627862
MICH,RUL,current_entropy,19895,0.0626170158508405,0.02708432338823138,0.02708432338823138,0.0626170158508405
MICH_EXP,SOH,voltage_mean,6545,-0.5599788584783646,-0.13794138997207173,0.13794138997207173,0.5599788584783646
MICH_EXP,SOH,voltage_std,6545,0.6015011396033838,0.18500110896653332,0.18500110896653332,0.6015011396033838
MICH_EXP,SOH,voltage_kurtosis,6545,-0.551773853156779,-0.6737115771843499,0.6737115771843499,0.551773853156779
MICH_EXP,SOH,voltage_skewness,6545,0.5617292641550509,0.16607590639391037,0.16607590639391037,0.5617292641550509
MICH_EXP,SOH,CC_Q,6545,0.4661527934854587,0.1177601909438218,0.1177601909438218,0.4661527934854587
MICH_EXP,SOH,CC_charge_time,6545,0.5190927028850953,0.334884068628766,0.334884068628766,0.5190927028850953
MICH_EXP,SOH,voltage_slope,6545,-0.6932030417441796,-0.2997731554161248,0.2997731554161248,0.6932030417441796
MICH_EXP,SOH,voltage_entropy,6545,0.6701328799288093,0.511863063371207,0.511863063371207,0.6701328799288093
MICH_EXP,SOH,current_mean,6545,-0.4487090490886415,-0.31559106897929873,0.31559106897929873,0.4487090490886415
MICH_EXP,SOH,current_std,6545,-0.5158912950519849,-0.330228087900971,0.330228087900971,0.5158912950519849
MICH_EXP,SOH,current_kurtosis,6545,-0.7579110245278058,-0.5414131260882747,0.5414131260882747,0.7579110245278058
MICH_EXP,SOH,current_skewness,6545,-0.7519755604424053,-0.5346132514562868,0.5346132514562868,0.7519755604424053
MICH_EXP,SOH,CV_Q,6545,-0.7614845177621442,-0.6765914253865224,0.6765914253865224,0.7614845177621442
MICH_EXP,SOH,CV_charge_time,6545,-0.7139395949346915,-0.609004276906504,0.609004276906504,0.7139395949346915
MICH_EXP,SOH,current_slope,6545,0.02312068209249044,0.07503136835318372,0.07503136835318372,0.02312068209249044
MICH_EXP,SOH,current_entropy,6545,0.683701245098327,0.45124001552086374,0.45124001552086374,0.683701245098327
MICH_EXP,RUL,voltage_mean,6545,0.08204256019456278,0.12994778125259412,0.12994778125259412,0.08204256019456278
MICH_EXP,RUL,voltage_std,6545,-0.11935319245803862,-0.15996431555753,0.15996431555753,0.11935319245803862
MICH_EXP,RUL,voltage_kurtosis,6545,0.2750460202694657,0.23437633473855157,0.23437633473855157,0.2750460202694657
MICH_EXP,RUL,voltage_skewness,6545,-0.14499649456953206,-0.17859290406454661,0.17859290406454661,0.14499649456953206
MICH_EXP,RUL,CC_Q,6545,-0.025041814221725398,-0.0644249999684241,0.0644249999684241,0.025041814221725398
MICH_EXP,RUL,CC_charge_time,6545,0.0037010288098005568,0.03136138961860902,0.03136138961860902,0.0037010288098005568
MICH_EXP,RUL,voltage_slope,6545,-0.15769811720490998,-0.0668439955141829,0.0668439955141829,0.15769811720490998
MICH_EXP,RUL,voltage_entropy,6545,0.12820217375301202,-0.23816601672779872,0.23816601672779872,0.12820217375301202
MICH_EXP,RUL,current_mean,6545,-0.04264906044533459,-0.21814374676411727,0.21814374676411727,0.04264906044533459
MICH_EXP,RUL,current_std,6545,-0.023646487299611288,-0.13570199884602513,0.13570199884602513,0.023646487299611288
MICH_EXP,RUL,current_kurtosis,6545,-0.035621448138305825,0.2375567963402698,0.2375567963402698,0.035621448138305825
MICH_EXP,RUL,current_skewness,6545,0.010274631369474133,0.19191937525406363,0.19191937525406363,0.010274631369474133
MICH_EXP,RUL,CV_Q,6545,0.096274760136218,-0.03194577156716506,0.03194577156716506,0.096274760136218
MICH_EXP,RUL,CV_charge_time,6545,0.051314069259002434,0.03280934553904725,0.03280934553904725,0.051314069259002434
MICH_EXP,RUL,current_slope,6545,0.19603677499662797,-0.008777003803752622,0.008777003803752622,0.19603677499662797
MICH_EXP,RUL,current_entropy,6545,0.0019724309723467143,-0.0599620407482829,0.0599620407482829,0.0019724309723467143
NA-ion,SOH,voltage_mean,12604,-0.2574623871735925,-0.41901852216648444,0.41901852216648444,0.2574623871735925
NA-ion,SOH,voltage_std,12604,0.060249506203649855,0.15545060148460307,0.15545060148460307,0.060249506203649855
NA-ion,SOH,voltage_kurtosis,12604,-0.31556803262104965,0.09343214879206498,0.09343214879206498,0.31556803262104965
NA-ion,SOH,voltage_skewness,12604,0.4887200550479032,0.44750857475235106,0.44750857475235106,0.4887200550479032
NA-ion,SOH,CC_Q,12604,0.9317512668206196,0.996647016185339,0.996647016185339,0.9317512668206196
NA-ion,SOH,CC_charge_time,12604,-0.25898614939286746,-0.03198331318380503,0.03198331318380503,0.25898614939286746
NA-ion,SOH,voltage_slope,12604,0.2161885938811769,0.07507179089741191,0.07507179089741191,0.2161885938811769
NA-ion,SOH,voltage_entropy,12604,0.3599053015537852,0.5983100358759696,0.5983100358759696,0.3599053015537852
NA-ion,SOH,current_mean,12604,,,,
NA-ion,SOH,current_std,12604,,,,
NA-ion,SOH,current_kurtosis,12604,,,,
NA-ion,SOH,current_skewness,12604,,,,
NA-ion,SOH,CV_Q,12604,,,,
NA-ion,SOH,CV_charge_time,12604,,,,
NA-ion,SOH,current_slope,12604,,,,
NA-ion,SOH,current_entropy,12604,,,,
NA-ion,RUL,voltage_mean,12604,-0.09664635269294784,-0.261015505174892,0.261015505174892,0.09664635269294784
NA-ion,RUL,voltage_std,12604,-0.2007544665682137,-0.20653825389049932,0.20653825389049932,0.2007544665682137
NA-ion,RUL,voltage_kurtosis,12604,-0.14271647198310974,-0.023793404203759815,0.023793404203759815,0.14271647198310974
NA-ion,RUL,voltage_skewness,12604,0.3787131727043687,0.6849663604743345,0.6849663604743345,0.3787131727043687
NA-ion,RUL,CC_Q,12604,0.5325496871295431,0.5773263242808382,0.5773263242808382,0.5325496871295431
NA-ion,RUL,CC_charge_time,12604,-0.22802929115546808,0.06024024665653879,0.06024024665653879,0.22802929115546808
NA-ion,RUL,voltage_slope,12604,0.1642847349591844,-0.07633550738785053,0.07633550738785053,0.1642847349591844
NA-ion,RUL,voltage_entropy,12604,0.08048600000196797,0.10653184436596749,0.10653184436596749,0.08048600000196797
NA-ion,RUL,current_mean,12604,,,,
NA-ion,RUL,current_std,12604,,,,
NA-ion,RUL,current_kurtosis,12604,,,,
NA-ion,RUL,current_skewness,12604,,,,
NA-ion,RUL,CV_Q,12604,,,,
NA-ion,RUL,CV_charge_time,12604,,,,
NA-ion,RUL,current_slope,12604,,,,
NA-ion,RUL,current_entropy,12604,,,,
RWTH,SOH,voltage_mean,105397,0.3667355745054542,0.4624803210663455,0.4624803210663455,0.3667355745054542
RWTH,SOH,voltage_std,105397,-0.6837950490204298,-0.7586885859052055,0.7586885859052055,0.6837950490204298
RWTH,SOH,voltage_kurtosis,105397,-0.08185545099599173,-0.2321895247623206,0.2321895247623206,0.08185545099599173
RWTH,SOH,voltage_skewness,105397,0.20043931921442562,0.40624060402196566,0.40624060402196566,0.20043931921442562
RWTH,SOH,CC_Q,105397,0.8864943279656387,0.9943043710313877,0.9943043710313877,0.8864943279656387
RWTH,SOH,CC_charge_time,105397,0.2259428395457983,0.8563069480009976,0.8563069480009976,0.2259428395457983
RWTH,SOH,voltage_slope,105397,0.38722732963075307,0.5717015333554867,0.5717015333554867,0.38722732963075307
RWTH,SOH,voltage_entropy,105397,0.8585148138397227,0.9647288985962433,0.9647288985962433,0.8585148138397227
RWTH,SOH,current_mean,105397,0.9759605499119237,0.9659534014672946,0.9659534014672946,0.9759605499119237
RWTH,SOH,current_std,105397,0.9413433764419333,0.968745281289043,0.968745281289043,0.9413433764419333
RWTH,SOH,current_kurtosis,105397,-0.9461614288702714,-0.9849870460672633,0.9849870460672633,0.9461614288702714
RWTH,SOH,current_skewness,105397,-0.9668785849703151,-0.9785615638726358,0.9785615638726358,0.9668785849703151
RWTH,SOH,CV_Q,105397,0.9228622580783232,0.78368791824225,0.78368791824225,0.9228622580783232
RWTH,SOH,CV_charge_time,105397,-0.8994651764494145,-0.9982899618340507,0.9982899618340507,0.8994651764494145
RWTH,SOH,current_slope,105397,-0.9852889122001558,-0.9976968378811177,0.9976968378811177,0.9852889122001558
RWTH,SOH,current_entropy,105397,0.9372441410607453,0.9533063788561144,0.9533063788561144,0.9372441410607453
RWTH,RUL,voltage_mean,105397,0.34588271378401003,0.42472759427299406,0.42472759427299406,0.34588271378401003
RWTH,RUL,voltage_std,105397,-0.6294366924934887,-0.712863890929737,0.712863890929737,0.6294366924934887
RWTH,RUL,voltage_kurtosis,105397,-0.0799175383029689,-0.234395657047644,0.234395657047644,0.0799175383029689
RWTH,RUL,voltage_skewness,105397,0.17507354430793032,0.3950228183079738,0.3950228183079738,0.17507354430793032
RWTH,RUL,CC_Q,105397,0.8883379576220881,0.9557766425865907,0.9557766425865907,0.8883379576220881
RWTH,RUL,CC_charge_time,105397,0.20579542757139202,0.815889260545621,0.815889260545621,0.20579542757139202
RWTH,RUL,voltage_slope,105397,0.2956565706101487,0.5663606372488899,0.5663606372488899,0.2956565706101487
RWTH,RUL,voltage_entropy,105397,0.8024634299819887,0.9275472906832287,0.9275472906832287,0.8024634299819887
RWTH,RUL,current_mean,105397,0.9104240444230948,0.9402138391300022,0.9402138391300022,0.9104240444230948
RWTH,RUL,current_std,105397,0.8829572513747094,0.9203353812361176,0.9203353812361176,0.8829572513747094
RWTH,RUL,current_kurtosis,105397,-0.8746429425474674,-0.9445425978375895,0.9445425978375895,0.8746429425474674
RWTH,RUL,current_skewness,105397,-0.8981564161387402,-0.941906897057635,0.941906897057635,0.8981564161387402
RWTH,RUL,CV_Q,105397,0.8363453418965672,0.7734370067957405,0.7734370067957405,0.8363453418965672
RWTH,RUL,CV_charge_time,105397,-0.8995253679365599,-0.960118702705342,0.960118702705342,0.8995253679365599
RWTH,RUL,current_slope,105397,-0.9466590029907603,-0.9568079874065497,0.9568079874065497,0.9466590029907603
RWTH,RUL,current_entropy,105397,0.8680012130750063,0.9248360599087547,0.9248360599087547,0.8680012130750063
SDU,SOH,voltage_mean,49146,-0.5333157205311907,-0.6682110510329624,0.6682110510329624,0.5333157205311907
SDU,SOH,voltage_std,49146,0.46186134074915913,0.33492345921048416,0.33492345921048416,0.46186134074915913
SDU,SOH,voltage_kurtosis,49146,0.1381659843160103,0.5531075368619651,0.5531075368619651,0.1381659843160103
SDU,SOH,voltage_skewness,49146,0.2937249156020672,0.4491150624685841,0.4491150624685841,0.2937249156020672
SDU,SOH,CC_Q,49146,0.8210645686943369,0.8503627993846817,0.8503627993846817,0.8210645686943369
SDU,SOH,CC_charge_time,49146,0.32254830242492544,0.6215943470840497,0.6215943470840497,0.32254830242492544
SDU,SOH,voltage_slope,49146,-0.18896080433399148,-0.5976879253722694,0.5976879253722694,0.18896080433399148
SDU,SOH,voltage_entropy,49146,-0.1833251022329197,-0.5346380347593834,0.5346380347593834,0.1833251022329197
SDU,SOH,current_mean,49146,0.30642981361947147,0.626318477992766,0.626318477992766,0.30642981361947147
SDU,SOH,current_std,49146,0.12416162864970831,0.5746358390708011,0.5746358390708011,0.12416162864970831
SDU,SOH,current_kurtosis,49146,-0.4943376861364082,-0.6603817395824932,0.6603817395824932,0.4943376861364082
SDU,SOH,current_skewness,49146,-0.5210691747072779,-0.6444152582032686,0.6444152582032686,0.5210691747072779
SDU,SOH,CV_Q,49146,-0.1273351229757889,-0.3545304679878865,0.3545304679878865,0.1273351229757889
SDU,SOH,CV_charge_time,49146,-0.7303668955165051,-0.7008052353215514,0.7008052353215514,0.7303668955165051
SDU,SOH,current_slope,49146,-0.601318012752132,-0.6797736980727762,0.6797736980727762,0.601318012752132
SDU,SOH,current_entropy,49146,0.327477171332374,0.46394358041940664,0.46394358041940664,0.327477171332374
SDU,RUL,voltage_mean,49146,-0.6206444560247204,-0.7421034162372541,0.7421034162372541,0.6206444560247204
SDU,RUL,voltage_std,49146,0.41349604554094815,0.27920834542285605,0.27920834542285605,0.41349604554094815
SDU,RUL,voltage_kurtosis,49146,-0.153861056544757,0.08749312074287383,0.08749312074287383,0.153861056544757
SDU,RUL,voltage_skewness,49146,0.6208015792697389,0.7315221550329977,0.7315221550329977,0.6208015792697389
SDU,RUL,CC_Q,49146,0.6958271597258314,0.7907893697642105,0.7907893697642105,0.6958271597258314
SDU,RUL,CC_charge_time,49146,0.6113467307013952,0.7690489740663146,0.7690489740663146,0.6113467307013952
SDU,RUL,voltage_slope,49146,-0.4721272572124637,-0.8090618849928969,0.8090618849928969,0.4721272572124637
SDU,RUL,voltage_entropy,49146,0.06149676273283337,-0.18027181669914893,0.18027181669914893,0.06149676273283337
SDU,RUL,current_mean,49146,-0.32156811951056286,0.09885020318510529,0.09885020318510529,0.32156811951056286
SDU,RUL,current_std,49146,-0.40399285233997545,0.0763544255035208,0.0763544255035208,0.40399285233997545
SDU,RUL,current_kurtosis,49146,-0.4502032779015748,-0.6636612167856034,0.6636612167856034,0.4502032779015748
SDU,RUL,current_skewness,49146,-0.46709684259619383,-0.693372712177724,0.693372712177724,0.46709684259619383
SDU,RUL,CV_Q,49146,-0.6001032163685673,-0.8429019297535726,0.8429019297535726,0.6001032163685673
SDU,RUL,CV_charge_time,49146,-0.7851302864090461,-0.8780163231613252,0.8780163231613252,0.7851302864090461
SDU,RUL,current_slope,49146,-0.02862020369694172,-0.17754275744483586,0.17754275744483586,0.02862020369694172
SDU,RUL,current_entropy,49146,0.6744274783945671,0.8400891635333279,0.8400891635333279,0.6744274783945671
SNL,SOH,voltage_mean,96492,0.5123688849335628,-0.22800823031932177,0.22800823031932177,0.5123688849335628
SNL,SOH,voltage_std,96492,0.29797576936341846,0.07248709267141544,0.07248709267141544,0.29797576936341846
SNL,SOH,voltage_kurtosis,96492,0.2922742127324988,0.33460369471662676,0.33460369471662676,0.2922742127324988
SNL,SOH,voltage_skewness,96492,0.28728740534887315,0.3481779368301799,0.3481779368301799,0.28728740534887315
SNL,SOH,CC_Q,96492,0.39986500370584266,0.21539752567455125,0.21539752567455125,0.39986500370584266
SNL,SOH,CC_charge_time,96492,0.36535911306139246,0.31079846362751445,0.31079846362751445,0.36535911306139246
SNL,SOH,voltage_slope,96492,0.010236214119082088,-0.012558696324082913,0.012558696324082913,0.010236214119082088
SNL,SOH,voltage_entropy,96492,0.48605925077014916,0.2722455438851749,0.2722455438851749,0.48605925077014916
SNL,SOH,current_mean,96492,-0.2513785326276757,-0.4114077991878442,0.4114077991878442,0.2513785326276757
SNL,SOH,current_std,96492,-0.3142142361537637,-0.43177727760773615,0.43177727760773615,0.3142142361537637
SNL,SOH,current_kurtosis,96492,0.13827302351656062,0.4390966667972094,0.4390966667972094,0.13827302351656062
SNL,SOH,current_skewness,96492,0.25005639947073105,0.4383209833294073,0.4383209833294073,0.25005639947073105
SNL,SOH,CV_Q,96492,-0.2204189512880673,-0.1181460030325962,0.1181460030325962,0.2204189512880673
SNL,SOH,CV_charge_time,96492,-0.23417426724891197,-0.03819390187531061,0.03819390187531061,0.23417426724891197
SNL,SOH,current_slope,96492,-0.27089818402050575,-0.27055513210979515,0.27055513210979515,0.27089818402050575
SNL,SOH,current_entropy,96492,-0.13522248321639438,-0.06534380736832007,0.06534380736832007,0.13522248321639438
SNL,RUL,voltage_mean,96492,0.14101647763431974,-0.4230556073104083,0.4230556073104083,0.14101647763431974
SNL,RUL,voltage_std,96492,0.12770642518293596,0.0669465711275676,0.0669465711275676,0.12770642518293596
SNL,RUL,voltage_kurtosis,96492,0.47931602449558436,0.4894964244536561,0.4894964244536561,0.47931602449558436
SNL,RUL,voltage_skewness,96492,0.5631234157688617,0.5049110422957558,0.5049110422957558,0.5631234157688617
SNL,RUL,CC_Q,96492,-0.023281854347663947,-0.044319365516265086,0.044319365516265086,0.023281854347663947
SNL,RUL,CC_charge_time,96492,0.3173228712900763,0.3636074465823056,0.3636074465823056,0.3173228712900763
SNL,RUL,voltage_slope,96492,-0.022250101295237846,-0.11550213741581779,0.11550213741581779,0.022250101295237846
SNL,RUL,voltage_entropy,96492,0.31559008819243317,0.28980620390239786,0.28980620390239786,0.31559008819243317
SNL,RUL,current_mean,96492,-0.5811697577800965,-0.5864658437585134,0.5864658437585134,0.5811697577800965
SNL,RUL,current_std,96492,-0.34104351402874644,-0.4230714766017236,0.4230714766017236,0.34104351402874644
SNL,RUL,current_kurtosis,96492,0.036652491292418134,0.3701161119156853,0.3701161119156853,0.036652491292418134
SNL,RUL,current_skewness,96492,0.4887732534366156,0.5679657919232932,0.5679657919232932,0.4887732534366156
SNL,RUL,CV_Q,96492,-0.5750006749067541,-0.4544878772287688,0.4544878772287688,0.5750006749067541
SNL,RUL,CV_charge_time,96492,-0.5674500097715262,-0.40237311747703275,0.40237311747703275,0.5674500097715262
SNL,RUL,current_slope,96492,-0.6190343163034853,-0.5879159688138286,0.5879159688138286,0.6190343163034853
SNL,RUL,current_entropy,96492,0.12046309017939827,-0.059898354049695325,0.059898354049695325,0.12046309017939827
Stanford,SOH,voltage_mean,39329,0.23961986425335746,-0.2718188300521218,0.2718188300521218,0.23961986425335746
Stanford,SOH,voltage_std,39329,0.624946636792277,-0.26377348252022415,0.26377348252022415,0.624946636792277
Stanford,SOH,voltage_kurtosis,39329,-0.5812309415629694,0.2774255464160984,0.2774255464160984,0.5812309415629694
Stanford,SOH,voltage_skewness,39329,0.7039163120518125,0.2630110391326453,0.2630110391326453,0.7039163120518125
Stanford,SOH,CC_Q,39329,0.8916433051265119,0.8139609863774474,0.8139609863774474,0.8916433051265119
Stanford,SOH,CC_charge_time,39329,0.8901628422949709,0.8136554382500407,0.8136554382500407,0.8901628422949709
Stanford,SOH,voltage_slope,39329,-0.4976498338208712,-0.7730610716124378,0.7730610716124378,0.4976498338208712
Stanford,SOH,voltage_entropy,39329,0.42749910879986636,0.05323669163912957,0.05323669163912957,0.42749910879986636
Stanford,SOH,current_mean,39329,0.5824983587593372,0.7118460388118477,0.7118460388118477,0.5824983587593372
Stanford,SOH,current_std,39329,0.6238315797584915,0.7350561749091352,0.7350561749091352,0.6238315797584915
Stanford,SOH,current_kurtosis,39329,-0.5631434793086165,-0.6515167973435667,0.6515167973435667,0.5631434793086165
Stanford,SOH,current_skewness,39329,-0.5571814802659156,-0.6712529466305717,0.6712529466305717,0.5571814802659156
Stanford,SOH,CV_Q,39329,-0.6737383818092504,-0.8686679473214631,0.8686679473214631,0.6737383818092504
Stanford,SOH,CV_charge_time,39329,-0.7730362305025575,-0.924292173943782,0.924292173943782,0.7730362305025575
Stanford,SOH,current_slope,39329,-0.7997641233247833,-0.9663326302629028,0.9663326302629028,0.7997641233247833
Stanford,SOH,current_entropy,39329,0.45974959230607304,0.589449809025191,0.589449809025191,0.45974959230607304
Stanford,RUL,voltage_mean,39329,0.09467815556986238,-0.25327576947165376,0.25327576947165376,0.09467815556986238
Stanford,RUL,voltage_std,39329,0.2807361900784502,-0.2129474961313049,0.2129474961313049,0.2807361900784502
Stanford,RUL,voltage_kurtosis,39329,-0.2777765281744949,0.23039030616465053,0.23039030616465053,0.2777765281744949
Stanford,RUL,voltage_skewness,39329,0.37373257483279904,0.24373730431014404,0.24373730431014404,0.37373257483279904
Stanford,RUL,CC_Q,39329,0.5402832333459844,0.7933700831485033,0.7933700831485033,0.5402832333459844
Stanford,RUL,CC_charge_time,39329,0.5396498531254335,0.7930642060037557,0.7930642060037557,0.5396498531254335
Stanford,RUL,voltage_slope,39329,-0.3135005927648519,-0.7558806596867739,0.7558806596867739,0.3135005927648519
Stanford,RUL,voltage_entropy,39329,0.1856129579528933,0.058955313386416866,0.058955313386416866,0.1856129579528933
Stanford,RUL,current_mean,39329,0.5442981652181345,0.7297841091179316,0.7297841091179316,0.5442981652181345
Stanford,RUL,current_std,39329,0.4979523366828422,0.7583265484395821,0.7583265484395821,0.4979523366828422
Stanford,RUL,current_kurtosis,39329,-0.4707773674047081,-0.6700204287463626,0.6700204287463626,0.4707773674047081
Stanford,RUL,current_skewness,39329,-0.5452721954102729,-0.688466590979152,0.688466590979152,0.5452721954102729
Stanford,RUL,CV_Q,39329,-0.722278510264363,-0.8002977064027297,0.8002977064027297,0.722278510264363
Stanford,RUL,CV_charge_time,39329,-0.8049249387321229,-0.8641924062693979,0.8641924062693979,0.8049249387321229
Stanford,RUL,current_slope,39329,-0.8961325308601653,-0.9158149683641563,0.9158149683641563,0.8961325308601653
Stanford,RUL,current_entropy,39329,0.420003166377741,0.6054673238331097,0.6054673238331097,0.420003166377741
Stanford_2,SOH,voltage_mean,188621,0.31656615370000823,-0.2266393500496036,0.2266393500496036,0.31656615370000823
Stanford_2,SOH,voltage_std,188621,0.6959587916360276,-0.15903514763892992,0.15903514763892992,0.6959587916360276
Stanford_2,SOH,voltage_kurtosis,188621,-0.5519041921741552,0.1726487287374136,0.1726487287374136,0.5519041921741552
Stanford_2,SOH,voltage_skewness,188621,0.6844589956471961,0.27252239282589513,0.27252239282589513,0.6844589956471961
Stanford_2,SOH,CC_Q,188621,0.8947465528586245,0.7385238440430081,0.7385238440430081,0.8947465528586245
Stanford_2,SOH,CC_charge_time,188621,0.89344944774729,0.7384281445719993,0.7384281445719993,0.89344944774729
Stanford_2,SOH,voltage_slope,188621,-0.3977795200526139,-0.6372168031386617,0.6372168031386617,0.3977795200526139
Stanford_2,SOH,voltage_entropy,188621,0.5092378554868278,0.22026242268265497,0.22026242268265497,0.5092378554868278
Stanford_2,SOH,current_mean,188621,0.5833844987869458,0.6432956449711497,0.6432956449711497,0.5833844987869458
Stanford_2,SOH,current_std,188621,0.6415963943707516,0.6614643562801343,0.6614643562801343,0.6415963943707516
Stanford_2,SOH,current_kurtosis,188621,-0.6099284557918666,-0.5856049036631773,0.5856049036631773,0.6099284557918666
Stanford_2,SOH,current_skewness,188621,-0.5614091978826843,-0.6049441895220622,0.6049441895220622,0.5614091978826843
Stanford_2,SOH,CV_Q,188621,-0.4710468633018168,-0.7711291155863996,0.7711291155863996,0.4710468633018168
Stanford_2,SOH,CV_charge_time,188621,-0.6393334067826156,-0.8633551223438812,0.8633551223438812,0.6393334067826156
Stanford_2,SOH,current_slope,188621,-0.7519743993923569,-0.9454187005158519,0.9454187005158519,0.7519743993923569
Stanford_2,SOH,current_entropy,188621,0.5217966305018356,0.5544561774712616,0.5544561774712616,0.5217966305018356
Stanford_2,RUL,voltage_mean,188621,0.11062743613234134,-0.13268425578766546,0.13268425578766546,0.11062743613234134
Stanford_2,RUL,voltage_std,188621,0.28082687096422715,-0.1232141209218437,0.1232141209218437,0.28082687096422715
Stanford_2,RUL,voltage_kurtosis,188621,-0.2410754562825101,0.11477014162979929,0.11477014162979929,0.2410754562825101
Stanford_2,RUL,voltage_skewness,188621,0.3397656551793079,0.15102756206208082,0.15102756206208082,0.3397656551793079
Stanford_2,RUL,CC_Q,188621,0.4974405939191549,0.7156915440789129,0.7156915440789129,0.4974405939191549
Stanford_2,RUL,CC_charge_time,188621,0.4967934558456143,0.7155975032457917,0.7155975032457917,0.4967934558456143
Stanford_2,RUL,voltage_slope,188621,-0.2650356397849757,-0.6479431594261825,0.6479431594261825,0.2650356397849757
Stanford_2,RUL,voltage_entropy,188621,0.19300008533455434,0.2667247170032313,0.2667247170032313,0.19300008533455434
Stanford_2,RUL,current_mean,188621,0.4623941299456636,0.6538141982400383,0.6538141982400383,0.4623941299456636
Stanford_2,RUL,current_std,188621,0.4352850550681442,0.6730684064703161,0.6730684064703161,0.4352850550681442
Stanford_2,RUL,current_kurtosis,188621,-0.44402353796559857,-0.5996295051771267,0.5996295051771267,0.44402353796559857
Stanford_2,RUL,current_skewness,188621,-0.47602482157420484,-0.6165752373114459,0.6165752373114459,0.47602482157420484
Stanford_2,RUL,CV_Q,188621,-0.5989666286705145,-0.7067483196312496,0.7067483196312496,0.5989666286705145
Stanford_2,RUL,CV_charge_time,188621,-0.7389724986040317,-0.8011182528045699,0.8011182528045699,0.7389724986040317
Stanford_2,RUL,current_slope,188621,-0.847198223459109,-0.8805076138120905,0.8805076138120905,0.847198223459109
Stanford_2,RUL,current_entropy,188621,0.4157572697346215,0.5701950075235718,0.5701950075235718,0.4157572697346215
Tongji,SOH,voltage_mean,59038,0.02296406122471681,0.1063141042635288,0.1063141042635288,0.02296406122471681
Tongji,SOH,voltage_std,59038,0.23828694127331543,0.29318220975490417,0.29318220975490417,0.23828694127331543
Tongji,SOH,voltage_kurtosis,59038,-0.06477384942159563,-0.23166539245617482,0.23166539245617482,0.06477384942159563
Tongji,SOH,voltage_skewness,59038,-0.20464507021365,0.11021715258163008,0.11021715258163008,0.20464507021365
Tongji,SOH,CC_Q,59038,0.056165156087655765,0.41855367708214747,0.41855367708214747,0.056165156087655765
Tongji,SOH,CC_charge_time,59038,-0.18819004065998857,0.41194546422527145,0.41194546422527145,0.18819004065998857
Tongji,SOH,voltage_slope,59038,0.0730665241046115,-0.4589297561043,0.4589297561043,0.0730665241046115
Tongji,SOH,voltage_entropy,59038,0.03843008158947933,0.3149741929772385,0.3149741929772385,0.03843008158947933
Tongji,SOH,current_mean,59038,-0.01099382170501426,0.06669828223122377,0.06669828223122377,0.01099382170501426
Tongji,SOH,current_std,59038,0.05928784582356731,-0.13486554376973875,0.13486554376973875,0.05928784582356731
Tongji,SOH,current_kurtosis,59038,0.07636555186816124,0.11301991645472151,0.11301991645472151,0.07636555186816124
Tongji,SOH,current_skewness,59038,0.039213908752984285,0.04606305939171407,0.04606305939171407,0.039213908752984285
Tongji,SOH,CV_Q,59038,0.16054882569720463,0.2730154415044279,0.2730154415044279,0.16054882569720463
Tongji,SOH,CV_charge_time,59038,0.12112285423668682,0.2846927048079028,0.2846927048079028,0.12112285423668682
Tongji,SOH,current_slope,59038,-0.045372790526273854,0.3493444365414281,0.3493444365414281,0.045372790526273854
Tongji,SOH,current_entropy,59038,-0.1760347912488513,0.009658000713417268,0.009658000713417268,0.1760347912488513
Tongji,RUL,voltage_mean,59038,0.0042789247096272805,0.0922680848829528,0.0922680848829528,0.0042789247096272805
Tongji,RUL,voltage_std,59038,0.08735138178405483,0.20687451978557203,0.20687451978557203,0.08735138178405483
Tongji,RUL,voltage_kurtosis,59038,-0.06010492797039567,-0.32363198917785585,0.32363198917785585,0.06010492797039567
Tongji,RUL,voltage_skewness,59038,-0.13466637465087677,-0.07398561776746707,0.07398561776746707,0.13466637465087677
Tongji,RUL,CC_Q,59038,-0.0042435227016064505,0.2333775223112144,0.2333775223112144,0.0042435227016064505
Tongji,RUL,CC_charge_time,59038,0.04159342449032652,0.25490630176158546,0.25490630176158546,0.04159342449032652
Tongji,RUL,voltage_slope,59038,-0.025570041802656256,-0.17041623959407037,0.17041623959407037,0.025570041802656256
Tongji,RUL,voltage_entropy,59038,0.1697549374677011,0.21541516902726937,0.21541516902726937,0.1697549374677011
Tongji,RUL,current_mean,59038,0.0769684063937775,0.042044000361841416,0.042044000361841416,0.0769684063937775
Tongji,RUL,current_std,59038,-0.1117893483613268,-0.25337747527020626,0.25337747527020626,0.1117893483613268
Tongji,RUL,current_kurtosis,59038,-0.1655332324697875,-0.1929809589438738,0.1929809589438738,0.1655332324697875
Tongji,RUL,current_skewness,59038,-0.09029852951011613,-0.146738331940001,0.146738331940001,0.09029852951011613
Tongji,RUL,CV_Q,59038,-0.03755413095336741,0.12570526663969125,0.12570526663969125,0.03755413095336741
Tongji,RUL,CV_charge_time,59038,-0.023147682471782623,0.1257030275430014,0.1257030275430014,0.023147682471782623
Tongji,RUL,current_slope,59038,-0.29941381949298057,0.07387647672790616,0.07387647672790616,0.29941381949298057
Tongji,RUL,current_entropy,59038,-0.0032756250030047114,0.06020354783089819,0.06020354783089819,0.0032756250030047114
UL_PUR,SOH,voltage_mean,2245,-0.9128739898547434,-0.8916610748111519,0.8916610748111519,0.9128739898547434
UL_PUR,SOH,voltage_std,2245,0.7513188672986705,0.7577823265731166,0.7577823265731166,0.7513188672986705
UL_PUR,SOH,voltage_kurtosis,2245,-0.6342498480779739,-0.6257964299900622,0.6257964299900622,0.6342498480779739
UL_PUR,SOH,voltage_skewness,2245,0.8749775833220109,0.8307166295829524,0.8307166295829524,0.8749775833220109
UL_PUR,SOH,CC_Q,2245,0.9128368367987723,0.8597714248255237,0.8597714248255237,0.9128368367987723
UL_PUR,SOH,CC_charge_time,2245,0.4270996216436323,0.8639668052943943,0.8639668052943943,0.4270996216436323
UL_PUR,SOH,voltage_slope,2245,-0.6830983776972996,-0.7814592035856494,0.7814592035856494,0.6830983776972996
UL_PUR,SOH,voltage_entropy,2245,0.8354126107373863,0.7712591486434168,0.7712591486434168,0.8354126107373863
UL_PUR,SOH,current_mean,2245,0.17896377344062228,0.4841311270553028,0.4841311270553028,0.17896377344062228
UL_PUR,SOH,current_std,2245,-0.08331785076948338,0.2207793566831795,0.2207793566831795,0.08331785076948338
UL_PUR,SOH,current_kurtosis,2245,-0.48428820165812364,-0.5641359673108075,0.5641359673108075,0.48428820165812364
UL_PUR,SOH,current_skewness,2245,-0.34059379452613614,-0.569658209243795,0.569658209243795,0.34059379452613614
UL_PUR,SOH,CV_Q,2245,-0.3053875184030551,-0.5375817382491999,0.5375817382491999,0.3053875184030551
UL_PUR,SOH,CV_charge_time,2245,-0.3857857568827614,-0.5493653373118886,0.5493653373118886,0.3857857568827614
UL_PUR,SOH,current_slope,2245,-0.246110540738859,-0.36485698812133993,0.36485698812133993,0.246110540738859
UL_PUR,SOH,current_entropy,2245,-0.08535823706750885,0.34088903138057985,0.34088903138057985,0.08535823706750885
UL_PUR,RUL,voltage_mean,2245,-0.7330713921463643,-0.7397530472332431,0.7397530472332431,0.7330713921463643
UL_PUR,RUL,voltage_std,2245,0.6306621783889077,0.6459335168858394,0.6459335168858394,0.6306621783889077
UL_PUR,RUL,voltage_kurtosis,2245,-0.5363619193293868,-0.5736142635899251,0.5736142635899251,0.5363619193293868
UL_PUR,RUL,voltage_skewness,2245,0.6502462882455912,0.6930751065340395,0.6930751065340395,0.6502462882455912
UL_PUR,RUL,CC_Q,2245,0.6947942781151735,0.6996043943733337,0.6996043943733337,0.6947942781151735
UL_PUR,RUL,CC_charge_time,2245,0.3515439030345339,0.7273688678600035,0.7273688678600035,0.3515439030345339
UL_PUR,RUL,voltage_slope,2245,-0.5175410276003912,-0.6401620863730355,0.6401620863730355,0.5175410276003912
UL_PUR,RUL,voltage_entropy,2245,0.5990793469806998,0.5922143351148321,0.5922143351148321,0.5990793469806998
UL_PUR,RUL,current_mean,2245,0.2517881462766385,0.5409274224440844,0.5409274224440844,0.2517881462766385
UL_PUR,RUL,current_std,2245,-0.14162549294919616,0.2508902176033181,0.2508902176033181,0.14162549294919616
UL_PUR,RUL,current_kurtosis,2245,-0.5304721314758919,-0.5917263335537292,0.5917263335537292,0.5304721314758919
UL_PUR,RUL,current_skewness,2245,-0.4079558554331237,-0.5998737993571146,0.5998737993571146,0.4079558554331237
UL_PUR,RUL,CV_Q,2245,-0.3639969226445674,-0.5515450817138197,0.5515450817138197,0.3639969226445674
UL_PUR,RUL,CV_charge_time,2245,-0.4412243104172262,-0.575194493184602,0.575194493184602,0.4412243104172262
UL_PUR,RUL,current_slope,2245,-0.21767528306400133,-0.3755330005069703,0.3755330005069703,0.21767528306400133
UL_PUR,RUL,current_entropy,2245,-0.15371062146511244,0.357517971333778,0.357517971333778,0.15371062146511244
XJTU,SOH,voltage_mean,6938,-0.6696597070020642,-0.6891398703765022,0.6891398703765022,0.6696597070020642
XJTU,SOH,voltage_std,6938,0.5386335739669373,0.5222311182967332,0.5222311182967332,0.5386335739669373
XJTU,SOH,voltage_kurtosis,6938,0.0023108188354966793,0.20168448189706914,0.20168448189706914,0.0023108188354966793
XJTU,SOH,voltage_skewness,6938,0.7291138168171816,0.7483613978994438,0.7483613978994438,0.7291138168171816
XJTU,SOH,CC_Q,6938,0.9588096630120113,0.9383131406030448,0.9383131406030448,0.9588096630120113
XJTU,SOH,CC_charge_time,6938,0.3423057280409279,0.5256874329361293,0.5256874329361293,0.3423057280409279
XJTU,SOH,voltage_slope,6938,-0.28597738949405477,-0.462515744619521,0.462515744619521,0.28597738949405477
XJTU,SOH,voltage_entropy,6938,0.4643624859530616,0.42434848275116016,0.42434848275116016,0.4643624859530616
XJTU,SOH,current_mean,6938,0.376542487343867,0.33931928997399097,0.33931928997399097,0.376542487343867
XJTU,SOH,current_std,6938,0.12973209979954264,0.2885030141135405,0.2885030141135405,0.12973209979954264
XJTU,SOH,current_kurtosis,6938,-0.5517098311314251,-0.6080377359234631,0.6080377359234631,0.5517098311314251
XJTU,SOH,current_skewness,6938,-0.545456958580197,-0.5975391254909262,0.5975391254909262,0.545456958580197
XJTU,SOH,CV_Q,6938,-0.6451387713219576,-0.6712129749287127,0.6712129749287127,0.6451387713219576
XJTU,SOH,CV_charge_time,6938,-0.9100257207575557,-0.8785652515664126,0.8785652515664126,0.9100257207575557
XJTU,SOH,current_slope,6938,-0.610204466595345,-0.5576275931893135,0.5576275931893135,0.610204466595345
XJTU,SOH,current_entropy,6938,0.45442261416783347,0.4805990871257002,0.4805990871257002,0.45442261416783347
XJTU,RUL,voltage_mean,6938,-0.7813094569080742,-0.7884454607522242,0.7884454607522242,0.7813094569080742
XJTU,RUL,voltage_std,6938,0.6840526587307866,0.6415787203743726,0.6415787203743726,0.6840526587307866
XJTU,RUL,voltage_kurtosis,6938,-0.048170672515131824,0.07231928232449028,0.07231928232449028,0.048170672515131824
XJTU,RUL,voltage_skewness,6938,0.7713824331450185,0.8589097154611209,0.8589097154611209,0.7713824331450185
XJTU,RUL,CC_Q,6938,0.8960985745059038,0.9658673099702949,0.9658673099702949,0.8960985745059038
XJTU,RUL,CC_charge_time,6938,0.6053243185086176,0.70544761177806,0.70544761177806,0.6053243185086176
XJTU,RUL,voltage_slope,6938,-0.5558084186519623,-0.6843432152973432,0.6843432152973432,0.5558084186519623
XJTU,RUL,voltage_entropy,6938,0.6135475553279001,0.5811416079132274,0.5811416079132274,0.6135475553279001
XJTU,RUL,current_mean,6938,0.009014341528704254,0.07268704442635306,0.07268704442635306,0.009014341528704254
XJTU,RUL,current_std,6938,-0.22146132697461945,0.03853887084116413,0.03853887084116413,0.22146132697461945
XJTU,RUL,current_kurtosis,6938,-0.6141752415079386,-0.6853348920524139,0.6853348920524139,0.6141752415079386
XJTU,RUL,current_skewness,6938,-0.6224517258165931,-0.6774707844032963,0.6774707844032963,0.6224517258165931
XJTU,RUL,CV_Q,6938,-0.8448555997117095,-0.8578397181875367,0.8578397181875367,0.8448555997117095
XJTU,RUL,CV_charge_time,6938,-0.7468270972568744,-0.7886011974108886,0.7886011974108886,0.7468270972568744
XJTU,RUL,current_slope,6938,-0.3093466214177878,-0.3278378668891341,0.3278378668891341,0.3093466214177878
XJTU,RUL,current_entropy,6938,0.5785225080497789,0.6114093697211042,0.6114093697211042,0.5785225080497789
ZN-coin,SOH,voltage_mean,80052,-0.7969977968021001,-0.8052439748259708,0.8052439748259708,0.7969977968021001
ZN-coin,SOH,voltage_std,80052,0.4000032474763927,0.26664476820738686,0.26664476820738686,0.4000032474763927
ZN-coin,SOH,voltage_kurtosis,80052,0.032272470608948965,0.11442838375307442,0.11442838375307442,0.032272470608948965
ZN-coin,SOH,voltage_skewness,80052,0.7386920990464579,0.7877459110985341,0.7877459110985341,0.7386920990464579
ZN-coin,SOH,CC_Q,80052,0.6848635799546655,0.6688761798273791,0.6688761798273791,0.6848635799546655
ZN-coin,SOH,CC_charge_time,80052,0.7908948087241036,0.8222617692221129,0.8222617692221129,0.7908948087241036
ZN-coin,SOH,voltage_slope,80052,-0.724481435709208,-0.8277727374267557,0.8277727374267557,0.724481435709208
ZN-coin,SOH,voltage_entropy,80052,-0.4709124262154563,-0.5066669090817205,0.5066669090817205,0.4709124262154563
ZN-coin,SOH,current_mean,80052,,,,
ZN-coin,SOH,current_std,80052,,,,
ZN-coin,SOH,current_kurtosis,80052,,,,
ZN-coin,SOH,current_skewness,80052,,,,
ZN-coin,SOH,CV_Q,80052,,,,
ZN-coin,SOH,CV_charge_time,80052,,,,
ZN-coin,SOH,current_slope,80052,,,,
ZN-coin,SOH,current_entropy,80052,,,,
ZN-coin,RUL,voltage_mean,80052,-0.3965759072023447,-0.5129361746307082,0.5129361746307082,0.3965759072023447
ZN-coin,RUL,voltage_std,80052,-0.03594915674551621,-0.0866046639154214,0.0866046639154214,0.03594915674551621
ZN-coin,RUL,voltage_kurtosis,80052,0.3339739637787342,0.33816106216226366,0.33816106216226366,0.3339739637787342
ZN-coin,RUL,voltage_skewness,80052,0.4751964915270168,0.6363956764754415,0.6363956764754415,0.4751964915270168
ZN-coin,RUL,CC_Q,80052,0.057621389819867676,0.20752264904384407,0.20752264904384407,0.057621389819867676
ZN-coin,RUL,CC_charge_time,80052,0.271169980871333,0.44003016826026886,0.44003016826026886,0.271169980871333
ZN-coin,RUL,voltage_slope,80052,-0.3496376404387373,-0.5128199322174525,0.5128199322174525,0.3496376404387373
ZN-coin,RUL,voltage_entropy,80052,-0.5696872603749907,-0.5542499131370964,0.5542499131370964,0.5696872603749907
ZN-coin,RUL,current_mean,80052,,,,
ZN-coin,RUL,current_std,80052,,,,
ZN-coin,RUL,current_kurtosis,80052,,,,
ZN-coin,RUL,current_skewness,80052,,,,
ZN-coin,RUL,CV_Q,80052,,,,
ZN-coin,RUL,CV_charge_time,80052,,,,
ZN-coin,RUL,current_slope,80052,,,,
ZN-coin,RUL,current_entropy,80052,,,,
