target,task,dataset,model,mae,mape,rmse,r2,pearson_r,n_batteries,mean_feature_truth_corr,max_feature_truth_corr,top3_feature_truth_corr,n_valid_feature_corr
RUL,CALB,CALB,Attention,32.44233631950918,2.357039780516787,37.18107097644288,-0.7296277847642291,0.5245390614125534,5,0.13460890401848252,0.334454832836895,0.2533293979792701,16
RUL,CALB,CALB,CNN,32.470819072415125,1.9535770588444337,35.44023918398769,-1.609449205214989,0.625230753195654,5,0.13460890401848252,0.334454832836895,0.2533293979792701,16
RUL,CALB,CALB,GRU,30.14046465794727,2.835441897150641,34.483744921797104,-0.652563787451012,0.3647032644923816,5,0.13460890401848252,0.334454832836895,0.2533293979792701,16
RUL,CALB,CALB,LSTM,25.233605538108133,2.4544859280122764,29.35029583913761,-0.046435215875236004,,5,0.13460890401848252,0.334454832836895,0.2533293979792701,16
RUL,CALB,CALB,MLP,26.68726553352433,2.6259291493409407,30.81937566620014,-0.18869828923888524,0.4966872645539017,5,0.13460890401848252,0.334454832836895,0.2533293979792701,16
RUL,CALB2024,CALB,Attention,37.30591309392925,1.572106238581986,43.479365075309985,-0.6194848407431427,0.40919618609502884,5,0.13460890401848252,0.334454832836895,0.2533293979792701,16
RUL,CALB2024,CALB,CNN,93.09383876935028,3.9882525630769345,173.5073850971404,-26.838951986788864,0.49089143732433166,5,0.13460890401848252,0.334454832836895,0.2533293979792701,16
RUL,CALB2024,CALB,GRU,33.08340376510857,2.1608354758611092,39.11801012497453,-0.16670638117485953,,5,0.13460890401848252,0.334454832836895,0.2533293979792701,16
RUL,CALB2024,CALB,LSTM,33.10869228612015,2.1500237989350603,39.14822208858422,-0.16795223501886555,,5,0.13460890401848252,0.334454832836895,0.2533293979792701,16
RUL,CALB2024,CALB,MLP,33.08542800946298,2.159970044625756,39.12035614821809,-0.1668009989543942,,5,0.13460890401848252,0.334454832836895,0.2533293979792701,16
RUL,CALB42,CALB,Attention,28.117029491617224,1.3768922895217437,32.99295393471832,-0.5937657102367047,0.2782915692454333,5,0.13460890401848252,0.334454832836895,0.2533293979792701,16
RUL,CALB42,CALB,CNN,59.50791962136162,2.5853530506712508,63.719561510057474,-8.86982814693484,0.27539880467945016,5,0.13460890401848252,0.334454832836895,0.2533293979792701,16
RUL,CALB42,CALB,GRU,24.855444309350215,2.1724972568274206,28.7023077090939,-0.00065711016571658,,5,0.13460890401848252,0.334454832836895,0.2533293979792701,16
RUL,CALB42,CALB,LSTM,24.8554851992058,2.171564127762327,28.702359325238923,-0.0006605319339137199,,5,0.13460890401848252,0.334454832836895,0.2533293979792701,16
RUL,CALB42,CALB,MLP,24.855755248329856,2.16540145775436,28.703088862704288,-0.00071024910187232,,5,0.13460890401848252,0.334454832836895,0.2533293979792701,16
RUL,CALCE,CALCE,Attention,280.0501573743475,1.357014025754863,317.8079838893903,0.16837075188197692,0.8753230399027367,2,0.3094574615243322,0.759975479463217,0.6787922361404579,16
RUL,CALCE,CALCE,CNN,364.0615764715011,1.4683080969321094,400.68984097548065,-0.394370996243008,0.8867541455415118,2,0.3094574615243322,0.759975479463217,0.6787922361404579,16
RUL,CALCE,CALCE,GRU,478.3618414350294,3.3105696964439866,510.3544937641669,-1.4189041874917558,0.8660884930354136,2,0.3094574615243322,0.759975479463217,0.6787922361404579,16
RUL,CALCE,CALCE,LSTM,391.46393578990245,2.193989704640978,419.104692405565,-0.6606853596045029,0.898379105731094,2,0.3094574615243322,0.759975479463217,0.6787922361404579,16
RUL,CALCE,CALCE,MLP,537.7440726682742,2.5294755837855223,559.6303969312571,-2.6425559486973222,0.8959424270501444,2,0.3094574615243322,0.759975479463217,0.6787922361404579,16
RUL,HNEI,HNEI,Attention,18.960241626343695,0.30827037533578805,27.08036313127208,0.9925672379051409,0.996432991974131,2,0.8957209685412194,0.9801418602551693,0.978718710390693,16
RUL,HNEI,HNEI,CNN,28.723034189199332,0.2660507071087242,35.6578598255269,0.9873281395753353,0.9951666021334573,2,0.8957209685412194,0.9801418602551693,0.978718710390693,16
RUL,HNEI,HNEI,GRU,24.12106765476907,0.4773847769204863,36.52574298486357,0.9862304633648726,0.994406955078524,2,0.8957209685412194,0.9801418602551693,0.978718710390693,16
RUL,HNEI,HNEI,LSTM,26.967626228733824,0.3048113606095803,39.6406686923241,0.9827350690400162,0.9948699076865761,2,0.8957209685412194,0.9801418602551693,0.978718710390693,16
RUL,HNEI,HNEI,MLP,22.53819660730458,0.40004921865567616,34.24982323989549,0.9878911240572209,0.9948112868582848,2,0.8957209685412194,0.9801418602551693,0.978718710390693,16
RUL,HUST,HUST,Attention,161.80310328870198,1.031921546460629,202.8269431227507,0.815223482242024,0.9563540424050632,15,0.4656472153338205,0.8060191761837487,0.8036060288406301,16
RUL,HUST,HUST,CNN,170.47074292077963,1.3357066012933956,217.23964156073546,0.7716455546394354,0.94080373760524,15,0.4656472153338205,0.8060191761837487,0.8036060288406301,16
RUL,HUST,HUST,GRU,208.05692189503358,1.1244766619205284,253.39737690782107,0.7175287117295007,0.9451071433938948,15,0.4656472153338205,0.8060191761837487,0.8036060288406301,16
RUL,HUST,HUST,LSTM,158.97057283931608,1.0990384788449574,201.5405597197752,0.8206792357426731,0.9406725427126861,15,0.4656472153338205,0.8060191761837487,0.8036060288406301,16
RUL,HUST,HUST,MLP,166.04893010292264,1.2103113534459373,204.54322888567887,0.8108938379692383,0.9577506689867012,15,0.4656472153338205,0.8060191761837487,0.8036060288406301,16
RUL,ISU_ILCC,ISU_ILCC,Attention,1232.5869944917652,4.731904865677683,1513.6264292641374,-7.280846602518984,0.5892300744448369,48,0.10621189738340767,0.2243400565409862,0.2015850390214956,16
RUL,ISU_ILCC,ISU_ILCC,CNN,1089.821150078674,4.0545813712318335,1379.9818258096202,-6.056612807753591,0.6590073449790009,48,0.10621189738340767,0.2243400565409862,0.2015850390214956,16
RUL,ISU_ILCC,ISU_ILCC,GRU,1459.625403636507,5.399649631537948,1838.6237689711588,-11.670427632464984,0.5254432085698368,48,0.10621189738340767,0.2243400565409862,0.2015850390214956,16
RUL,ISU_ILCC,ISU_ILCC,LSTM,1264.6005268674035,3.8988598480514516,1592.5533257292307,-7.542471057480577,0.5441863722448663,48,0.10621189738340767,0.2243400565409862,0.2015850390214956,16
RUL,ISU_ILCC,ISU_ILCC,MLP,1444.8175322404893,5.7099611164058715,1750.4210150471981,-35.12172357881771,0.5238838954373196,48,0.10621189738340767,0.2243400565409862,0.2015850390214956,16
RUL,MATR,MATR,Attention,110.41442000055736,0.3709857165171264,136.3265566992211,0.6701526452069775,0.9728532815696276,33,0.4279950893325099,0.85207575881162,0.7744419011376169,16
RUL,MATR,MATR,CNN,108.10823220330795,0.43525287949015584,134.4577543287606,0.7123363576810362,0.9708551359188964,33,0.4279950893325099,0.85207575881162,0.7744419011376169,16
RUL,MATR,MATR,GRU,115.4974619732179,0.5114693473924706,145.5038157878306,0.648215206505044,0.9665725060319398,33,0.4279950893325099,0.85207575881162,0.7744419011376169,16
RUL,MATR,MATR,LSTM,116.81808481834372,0.46275537789029436,145.49112523919928,0.6527438188146066,0.9661133417625173,33,0.4279950893325099,0.85207575881162,0.7744419011376169,16
RUL,MATR,MATR,MLP,116.1899977358502,0.46574148193138365,141.42943354785103,0.6626908280244114,0.9747254758707024,33,0.4279950893325099,0.85207575881162,0.7744419011376169,16
RUL,MICH,MICH,Attention,34.761614999665035,0.3521236873797063,40.522337221113006,0.916793714189611,0.9892301199583226,8,0.5064231312771605,0.9294795566397764,0.8850568449298256,16
RUL,MICH,MICH,CNN,37.535229646515226,0.5075241470070438,44.0094919333217,0.9025148367066274,0.9895240603535131,8,0.5064231312771605,0.9294795566397764,0.8850568449298256,16
RUL,MICH,MICH,GRU,35.745573396884424,0.3868718392979686,41.26041711419529,0.9112132955580243,0.9935457395111637,8,0.5064231312771605,0.9294795566397764,0.8850568449298256,16
RUL,MICH,MICH,LSTM,34.838122786762995,0.34681055608254224,40.086839126234835,0.9153303840425525,0.9936694317578889,8,0.5064231312771605,0.9294795566397764,0.8850568449298256,16
RUL,MICH,MICH,MLP,35.72392664299909,0.4499832497438735,42.075794523145234,0.9074597593030108,0.9904408650491385,8,0.5064231312771605,0.9294795566397764,0.8850568449298256,16
RUL,MICH_EXP,MICH_EXP,Attention,38.45008631920917,0.834028423289377,45.77992751298738,0.739051884416588,0.9843875988845227,3,0.12628086351906,0.2381660167277987,0.23669971593553998,16
RUL,MICH_EXP,MICH_EXP,CNN,42.91751563851417,0.9350166727664803,50.00300093387963,0.7222494706303371,0.9866545788678446,3,0.12628086351906,0.2381660167277987,0.23669971593553998,16
RUL,MICH_EXP,MICH_EXP,GRU,43.38799935371929,1.0849617941529932,50.16734736069796,0.591377378566178,0.9735853100705635,3,0.12628086351906,0.2381660167277987,0.23669971593553998,16
RUL,MICH_EXP,MICH_EXP,LSTM,122.09779725370838,3.828370310058613,138.44661777741723,-2.3352051106095453,,3,0.12628086351906,0.2381660167277987,0.23669971593553998,16
RUL,MICH_EXP,MICH_EXP,MLP,122.27424116112962,3.8385329707559364,138.60986799582093,-2.3539395527097096,,3,0.12628086351906,0.2381660167277987,0.23669971593553998,16
RUL,NAion,NA-ion,Attention,22.291492647743535,0.753822117943999,23.966001954028503,0.730150073664594,0.9965683343888154,5,0.24959343080433505,0.6849663604743345,0.5077693966433549,8
RUL,NAion,NA-ion,CNN,16.80902039909411,0.7111780082434922,19.055447314249513,0.8357610004963693,0.9953119653897398,5,0.24959343080433505,0.6849663604743345,0.5077693966433549,8
RUL,NAion,NA-ion,GRU,18.525341246828283,0.616886219171403,21.739369582112523,0.8288952724677365,0.9872800292053823,5,0.24959343080433505,0.6849663604743345,0.5077693966433549,8
RUL,NAion,NA-ion,LSTM,53.84860760062825,2.4199533749033524,62.862450385879036,-0.08141001562455345,,5,0.24959343080433505,0.6849663604743345,0.5077693966433549,8
RUL,NAion,NA-ion,MLP,17.00231613555858,0.5269285484502745,18.49412826902065,0.8278809230292922,0.9964127668775353,5,0.24959343080433505,0.6849663604743345,0.5077693966433549,8
RUL,NAion2024,NA-ion,Attention,28.892946298987557,1.0928118174396242,30.16500546622161,0.3812625437302002,0.9921308674859721,5,0.24959343080433505,0.6849663604743345,0.5077693966433549,8
RUL,NAion2024,NA-ion,CNN,26.509461981362687,1.0848572695713685,32.93593479934639,0.3243194106916086,0.9690325875165623,5,0.24959343080433505,0.6849663604743345,0.5077693966433549,8
RUL,NAion2024,NA-ion,GRU,27.75523168021124,1.1093903132287577,29.758012452388904,0.42668568917536753,0.9899920994430254,5,0.24959343080433505,0.6849663604743345,0.5077693966433549,8
RUL,NAion2024,NA-ion,LSTM,24.416863771541436,0.9569241336060343,26.314263762398546,0.5811242206611356,0.9902659561439962,5,0.24959343080433505,0.6849663604743345,0.5077693966433549,8
RUL,NAion2024,NA-ion,MLP,18.436342871846783,0.6681645839296845,28.013356162369895,0.6767261968298725,0.9489927200987456,5,0.24959343080433505,0.6849663604743345,0.5077693966433549,8
RUL,NAion42,NA-ion,Attention,23.33930752072504,0.993461520865076,24.85821480261321,0.6344599522407834,0.9947654435243886,5,0.24959343080433505,0.6849663604743345,0.5077693966433549,8
RUL,NAion42,NA-ion,CNN,25.081471079397062,1.0186681936509223,27.12773846157004,0.5528701667776422,0.9910292077985734,5,0.24959343080433505,0.6849663604743345,0.5077693966433549,8
RUL,NAion42,NA-ion,GRU,17.887378301607587,0.6826692010840826,20.413606045790395,0.704460549934799,0.9927309448053384,5,0.24959343080433505,0.6849663604743345,0.5077693966433549,8
RUL,NAion42,NA-ion,LSTM,50.2318740382182,3.0802027437951107,59.7167375074337,-0.7438103828647181,,5,0.24959343080433505,0.6849663604743345,0.5077693966433549,8
RUL,NAion42,NA-ion,MLP,18.886483992646742,0.7147891294420597,20.621652672022122,0.7034738653372304,0.9923195069915727,5,0.24959343080433505,0.6849663604743345,0.5077693966433549,8
RUL,RWTH,RWTH,Attention,140.66298270666786,0.7527929365500415,160.07657422193972,0.9201037098404049,0.9899455316356948,9,0.7746738914812756,0.960118702705342,0.9575677775661608,16
RUL,RWTH,RWTH,CNN,135.68174446167816,0.9232090464577623,157.20637568170582,0.9270260720633634,0.9902066794535411,9,0.7746738914812756,0.960118702705342,0.9575677775661608,16
RUL,RWTH,RWTH,GRU,139.2882207764585,0.7204277496705943,159.0944175400774,0.9240604277229308,0.9914732554365133,9,0.7746738914812756,0.960118702705342,0.9575677775661608,16
RUL,RWTH,RWTH,LSTM,132.40172365607157,0.7947447332979866,154.37149566629168,0.9341355389121713,0.9906214284224732,9,0.7746738914812756,0.960118702705342,0.9575677775661608,16
RUL,RWTH,RWTH,MLP,141.42579182319608,0.8967753620398311,159.99478180776757,0.9219837947025107,0.9924971056789865,9,0.7746738914812756,0.960118702705342,0.9575677775661608,16
RUL,SDU,SDU,Attention,86.65645705244481,1.107404044517891,110.22663886765187,-0.8068424496752834,0.9346810508360565,17,0.5412679884064729,0.8780163231613252,0.8536691388160751,16
RUL,SDU,SDU,CNN,42.23376939066345,0.33961527007845455,58.478426707721226,0.8797880808084708,0.9535170932983713,17,0.5412679884064729,0.8780163231613252,0.8536691388160751,16
RUL,SDU,SDU,GRU,44.95363653330922,0.32506096046930005,61.10016933615696,0.7761153725729516,0.9608304493149847,17,0.5412679884064729,0.8780163231613252,0.8536691388160751,16
RUL,SDU,SDU,LSTM,58.88877338390212,0.5927757706405623,75.13332937382191,0.6370104511534077,0.9356236526560626,17,0.5412679884064729,0.8780163231613252,0.8536691388160751,16
RUL,SDU,SDU,MLP,45.62679716274207,0.4317060220088686,61.6826754455327,0.7663485550513045,0.9476661748050286,17,0.5412679884064729,0.8780163231613252,0.8536691388160751,16
RUL,SNL,SNL,Attention,318.22817259989273,1.803607077299946,406.995540745785,-0.8422800432852451,0.6937100856211316,10,0.3593712087732947,0.5879159688138286,0.5807825348318784,16
RUL,SNL,SNL,CNN,300.3300892186505,1.7473042906786467,357.8839124124052,0.15449056453412643,0.7735813431107127,10,0.3593712087732947,0.5879159688138286,0.5807825348318784,16
RUL,SNL,SNL,GRU,290.4215746476269,2.1864161362109655,358.5353703905886,-0.6046457714475333,0.6756775159619762,10,0.3593712087732947,0.5879159688138286,0.5807825348318784,16
RUL,SNL,SNL,LSTM,300.6685529099212,1.9527430442848488,369.9183538368854,-0.25166007700618503,0.6407306771854753,10,0.3593712087732947,0.5879159688138286,0.5807825348318784,16
RUL,SNL,SNL,MLP,297.762763617964,1.8839320523786622,351.8704098664033,0.047818566020943185,0.8274490091810811,10,0.3593712087732947,0.5879159688138286,0.5807825348318784,16
RUL,Stanford,Stanford,Attention,81.60586464279704,0.6155843209585925,95.49192151650065,0.8739500594505543,0.9820106855345617,8,0.5858744512784766,0.9158149683641564,0.8601016936787613,16
RUL,Stanford,Stanford,CNN,96.03823962920659,0.5544255034178533,111.14055251365734,0.826408375742767,0.9799433177490052,8,0.5858744512784766,0.9158149683641564,0.8601016936787613,16
RUL,Stanford,Stanford,GRU,70.93713486864799,0.5226683416557331,80.91039452987877,0.9065429016069966,0.9921895748078128,8,0.5858744512784766,0.9158149683641564,0.8601016936787613,16
RUL,Stanford,Stanford,LSTM,69.46615530867454,0.5991295981375451,79.02180763642816,0.9070541918733854,0.9915148949354889,8,0.5858744512784766,0.9158149683641564,0.8601016936787613,16
RUL,Stanford,Stanford,MLP,75.90784505424237,0.5264501234973843,87.48017757537298,0.8936280804176349,0.9829917962509012,8,0.5858744512784766,0.9158149683641564,0.8601016936787613,16
RUL,Stanford_2,Stanford_2,Attention,98.59883809762887,0.908030514783025,118.00929864274147,0.8032431511303044,0.9679138857931977,36,0.5230818465703697,0.8805076138120905,0.7991058035651912,16
RUL,Stanford_2,Stanford_2,CNN,109.7476636499624,0.9624433434929388,129.50600004000026,0.7474064092543073,0.9649390615062544,36,0.5230818465703697,0.8805076138120905,0.7991058035651912,16
RUL,Stanford_2,Stanford_2,GRU,99.14352257586324,0.8281124894437757,111.37851590658039,0.8096437060796534,0.9827085838159887,36,0.5230818465703697,0.8805076138120905,0.7991058035651912,16
RUL,Stanford_2,Stanford_2,LSTM,99.57665742525838,0.8906747394794512,112.247107437849,0.8216684725558364,0.9834165940199691,36,0.5230818465703697,0.8805076138120905,0.7991058035651912,16
RUL,Stanford_2,Stanford_2,MLP,99.18735745108911,0.804796009873891,112.61072153450458,0.8017569927503201,0.9810157838280086,36,0.5230818465703697,0.8805076138120905,0.7991058035651912,16
RUL,Tongji,Tongji,Attention,85.14791704754518,2.388393677569372,101.96092590559151,-0.565225006772186,0.7076074693396587,21,0.1619690330978379,0.3236319891778558,0.2773052554032158,16
RUL,Tongji,Tongji,CNN,77.6881004930961,2.203757950501852,89.15603687399192,-0.20275283714357353,0.7472064545677208,21,0.1619690330978379,0.3236319891778558,0.2773052554032158,16
RUL,Tongji,Tongji,GRU,82.1452937159919,1.7301458134241532,97.20308978355659,-0.2763567004014029,0.7751721890530023,21,0.1619690330978379,0.3236319891778558,0.2773052554032158,16
RUL,Tongji,Tongji,LSTM,83.64157439881376,2.802975763264784,100.3604806262944,-1.610696992390193,0.5291918429861129,21,0.1619690330978379,0.3236319891778558,0.2773052554032158,16
RUL,Tongji,Tongji,MLP,83.70859628545067,2.275160105529773,96.22271770234923,-0.9878238896712302,0.9147347904695247,21,0.1619690330978379,0.3236319891778558,0.2773052554032158,16
RUL,UL_PUR,UL_PUR,Attention,84.24519092830884,2.9406908517361185,98.9907040791373,-1.0825280759761242,0.20731464497691654,2,0.5721833711038543,0.7397530472332431,0.7222421031555267,16
RUL,UL_PUR,UL_PUR,CNN,39.45806956225011,0.9666371878752701,47.241056192122095,0.5484798949102926,0.859778862308556,2,0.5721833711038543,0.7397530472332431,0.7222421031555267,16
RUL,UL_PUR,UL_PUR,GRU,111.44927375974366,3.4609479390232942,124.05592117850705,-2.2713089354419074,0.3867748758771318,2,0.5721833711038543,0.7397530472332431,0.7222421031555267,16
RUL,UL_PUR,UL_PUR,LSTM,127.44154693099641,3.608736424865395,137.9879116291394,-3.0179287497421394,0.6970260036975756,2,0.5721833711038543,0.7397530472332431,0.7222421031555267,16
RUL,UL_PUR,UL_PUR,MLP,1204.0454440040457,21.652589766527292,1208.5533917777536,-360.9030312471514,0.8386748449242266,2,0.5721833711038543,0.7397530472332431,0.7222421031555267,16
RUL,XJTU,XJTU,Attention,19.199496108710004,0.1760038999292919,22.90956130882726,0.892174039320178,0.984698083505168,4,0.584860791737689,0.9658673099702948,0.8942055812063175,16
RUL,XJTU,XJTU,CNN,17.198373452193934,0.19669811854363195,22.030446891366626,0.9042262545229622,0.984875080445104,4,0.584860791737689,0.9658673099702948,0.8942055812063175,16
RUL,XJTU,XJTU,GRU,20.363342550637654,0.2157273746617877,25.342570162475948,0.8495790146862124,0.9951276095996852,4,0.584860791737689,0.9658673099702948,0.8942055812063175,16
RUL,XJTU,XJTU,LSTM,18.845329130190922,0.18833579478315543,22.892243510594305,0.8871359559687173,0.9818623043423649,4,0.584860791737689,0.9658673099702948,0.8942055812063175,16
RUL,XJTU,XJTU,MLP,13.694187495963869,0.18917392590561047,16.16714498617325,0.9427240626230976,0.9950537938722215,4,0.584860791737689,0.9658673099702948,0.8942055812063175,16
RUL,ZN-coin,ZN-coin,Attention,125.39865216046978,6173.601842054749,145.62751235935738,-11.105106600445763,0.9254556364959405,20,0.4110900299803121,0.6363956764754415,0.567860588081082,8
RUL,ZN-coin,ZN-coin,CNN,129.09003786824948,6382.060384835126,151.53121873033942,-10.38859355813205,0.93986515774244,20,0.4110900299803121,0.6363956764754415,0.567860588081082,8
RUL,ZN-coin,ZN-coin,GRU,125.85529996569994,5198.784818618714,148.57882431832678,-8.48021680970967,0.9293642836783234,20,0.4110900299803121,0.6363956764754415,0.567860588081082,8
RUL,ZN-coin,ZN-coin,LSTM,126.92617929243659,6517.2313682722015,143.08496613276625,-6.304687087107249,0.9305648075922935,20,0.4110900299803121,0.6363956764754415,0.567860588081082,8
RUL,ZN-coin,ZN-coin,MLP,130.66796671518824,5144.510693262817,151.52325415525246,-11.821875543406911,0.9333158678084675,20,0.4110900299803121,0.6363956764754415,0.567860588081082,8
RUL,ZN-coin2024,ZN-coin,Attention,148.4129285698944,1.185829275109224,168.2710373844625,-1.665581206701821,0.8458527008742809,20,0.4110900299803121,0.6363956764754415,0.567860588081082,8
RUL,ZN-coin2024,ZN-coin,CNN,148.34252870184795,1.443517855303363,168.67142761478385,-1.6915433283643662,0.8699216795028226,20,0.4110900299803121,0.6363956764754415,0.567860588081082,8
RUL,ZN-coin2024,ZN-coin,GRU,154.36997918355533,1.2238124752016,179.6629421982887,-1.8965753291132141,0.8568651052679485,20,0.4110900299803121,0.6363956764754415,0.567860588081082,8
RUL,ZN-coin2024,ZN-coin,LSTM,148.62919848982935,1.23413664643567,171.10092901269633,-1.4738351435147288,0.8782026991416467,20,0.4110900299803121,0.6363956764754415,0.567860588081082,8
RUL,ZN-coin2024,ZN-coin,MLP,131.9307549360224,1.3122124677769622,154.6814432834337,-1.268145508019772,0.8326011231681184,20,0.4110900299803121,0.6363956764754415,0.567860588081082,8
RUL,ZN-coin42,ZN-coin,Attention,105.90362744470278,0.8805518929777234,122.29274204550832,-1.171517509713812,0.9567769933820605,20,0.4110900299803121,0.6363956764754415,0.567860588081082,8
RUL,ZN-coin42,ZN-coin,CNN,101.36406702595042,0.751287396381663,117.42069995537152,-1.1033551164743314,0.9572186767088724,20,0.4110900299803121,0.6363956764754415,0.567860588081082,8
RUL,ZN-coin42,ZN-coin,GRU,105.0781085127563,0.8813218375462883,124.37068549259473,-1.1627716021028083,0.9236857102946268,20,0.4110900299803121,0.6363956764754415,0.567860588081082,8
RUL,ZN-coin42,ZN-coin,LSTM,103.52223655278146,0.7802102929396366,122.25332024499014,-0.9204068750286793,0.9448537000667381,20,0.4110900299803121,0.6363956764754415,0.567860588081082,8
RUL,ZN-coin42,ZN-coin,MLP,91.30518327867534,0.7540068859507514,106.2475149824317,-1.0003583709023864,0.9570599720340723,20,0.4110900299803121,0.6363956764754415,0.567860588081082,8
SOH,CALB,CALB,Attention,0.005258043787696081,0.00575588623226594,0.006437079002534279,-30.610076346234575,0.34610231971658434,5,0.7056551938510651,0.8857564621083487,0.8757700117639272,16
SOH,CALB,CALB,CNN,0.007608961827827181,0.00888679448949912,0.00824428385237138,-30.248369941579853,0.4213717621507353,5,0.7056551938510651,0.8857564621083487,0.8757700117639272,16
SOH,CALB,CALB,GRU,0.0062012987437874,0.0068355478723465795,0.00880197818764666,-43.08610181068248,0.3071260542072851,5,0.7056551938510651,0.8857564621083487,0.8757700117639272,16
SOH,CALB,CALB,LSTM,0.006946163188327361,0.007707187696317999,0.00891297315097904,-25.72915769865142,0.3233090263582473,5,0.7056551938510651,0.8857564621083487,0.8757700117639272,16
SOH,CALB,CALB,MLP,0.006232140618141199,0.00690027741699348,0.00862055875223184,-25.478326952711324,0.3083901575893295,5,0.7056551938510651,0.8857564621083487,0.8757700117639272,16
SOH,CALB2024,CALB,Attention,0.00665825959801578,0.0078404648483738,0.01303856130689226,-33.368652454513715,-0.09168951707602374,5,0.7056551938510651,0.8857564621083487,0.8757700117639272,16
SOH,CALB2024,CALB,CNN,0.01394392746705454,0.01550700219028688,0.01726957803871044,-177.85421124828122,0.13438025002663234,5,0.7056551938510651,0.8857564621083487,0.8757700117639272,16
SOH,CALB2024,CALB,GRU,0.007829876468106541,0.009465896390249601,0.014896116739934021,-48.40242807125862,-0.11029600483043982,5,0.7056551938510651,0.8857564621083487,0.8757700117639272,16
SOH,CALB2024,CALB,LSTM,0.009224771094025759,0.01121273711667072,0.01480945398539584,-55.33497566654209,-0.07855845214725495,5,0.7056551938510651,0.8857564621083487,0.8757700117639272,16
SOH,CALB2024,CALB,MLP,0.0085236290546471,0.01025452103276578,0.016300787784524477,-74.24035016667409,-0.10842096381261115,5,0.7056551938510651,0.8857564621083487,0.8757700117639272,16
SOH,CALB42,CALB,Attention,0.013756111391867021,0.015221982317810278,0.01476029902240352,-149.7506481712128,0.4221721739270041,5,0.7056551938510651,0.8857564621083487,0.8757700117639272,16
SOH,CALB42,CALB,CNN,0.04383649568726314,0.04519616724222168,0.04433654395516022,-11184.480131057551,0.48820192040818783,5,0.7056551938510651,0.8857564621083487,0.8757700117639272,16
SOH,CALB42,CALB,GRU,0.0068013822309898,0.007819088936468141,0.008243624713686958,-3.007803899633342,0.4284845075629959,5,0.7056551938510651,0.8857564621083487,0.8757700117639272,16
SOH,CALB42,CALB,LSTM,0.00624011447092494,0.00708077020871626,0.00805197393401212,-3.6725769676504867,0.4371837050882311,5,0.7056551938510651,0.8857564621083487,0.8757700117639272,16
SOH,CALB42,CALB,MLP,0.00720166797348942,0.008137137017231521,0.00843445454397282,-10.860848491434236,0.4049589969345805,5,0.7056551938510651,0.8857564621083487,0.8757700117639272,16
SOH,CALCE,CALCE,Attention,0.0205840958665144,0.041488112143459904,0.0396375724858187,0.9002665808576442,0.9740262047723627,2,0.45294725418032955,0.8975896637625764,0.7769406976219049,16
SOH,CALCE,CALCE,CNN,0.018319772883515252,0.02863962983895355,0.02997372898385585,0.9045013301201403,0.9743671692366613,2,0.45294725418032955,0.8975896637625764,0.7769406976219049,16
SOH,CALCE,CALCE,GRU,0.016280672136836,0.03436214414048905,0.03499588610794055,0.9248677145543679,0.9682471031816609,2,0.45294725418032955,0.8975896637625764,0.7769406976219049,16
SOH,CALCE,CALCE,LSTM,0.024599959098452348,0.05268869138499255,0.0495098180700516,0.849882592296972,0.9373693289742375,2,0.45294725418032955,0.8975896637625764,0.7769406976219049,16
SOH,CALCE,CALCE,MLP,0.01793285106539905,0.0359303542948259,0.03289866768943395,0.935877808713522,0.979880434708426,2,0.45294725418032955,0.8975896637625764,0.7769406976219049,16
SOH,HNEI,HNEI,Attention,0.14931427495098437,0.26267150449441357,0.17281266318048785,-0.01176903868462905,,2,0.9035176803708533,0.9878710721606272,0.9877982187973391,16
SOH,HNEI,HNEI,CNN,0.0067576132184746,0.01029744853773715,0.013945652507048299,0.9929556863740954,0.996743920263218,2,0.9035176803708533,0.9878710721606272,0.9877982187973391,16
SOH,HNEI,HNEI,GRU,0.007799827975211501,0.01282447462668215,0.01322408057953015,0.9940665442497127,0.997609877810271,2,0.9035176803708533,0.9878710721606272,0.9877982187973391,16
SOH,HNEI,HNEI,LSTM,0.00594654874292255,0.009233162507444,0.01319264531679165,0.9937362297804169,0.9971098482391278,2,0.9035176803708533,0.9878710721606272,0.9877982187973391,16
SOH,HNEI,HNEI,MLP,0.008540180969512149,0.015208975917243949,0.01456638054182475,0.9926082256778388,0.9964261492803824,2,0.9035176803708533,0.9878710721606272,0.9877982187973391,16
SOH,HUST,HUST,Attention,0.01753781006508802,0.01890480397951956,0.027169909251327267,0.8440392472982697,0.9660583584110253,15,0.5108921631861496,0.8506072358471848,0.8433387693773559,16
SOH,HUST,HUST,CNN,0.018539154943187218,0.019797378861632273,0.02875973769364413,0.8296844182829056,0.9478981609288308,15,0.5108921631861496,0.8506072358471848,0.8433387693773559,16
SOH,HUST,HUST,GRU,0.016527285665067445,0.017967819419691354,0.026985563426974054,0.8329383848997428,0.9680466300084841,15,0.5108921631861496,0.8506072358471848,0.8433387693773559,16
SOH,HUST,HUST,LSTM,0.016402893279395106,0.017858522848429908,0.026110840152394087,0.8379347543744731,0.9582055955708928,15,0.5108921631861496,0.8506072358471848,0.8433387693773559,16
SOH,HUST,HUST,MLP,0.018063714928996274,0.019633692801894868,0.02867551622835281,0.825065002029396,0.9574644626926628,15,0.5108921631861496,0.8506072358471848,0.8433387693773559,16
SOH,ISU_ILCC,ISU_ILCC,Attention,0.0322883916945561,0.1136090694365592,0.04273061375693043,0.9301608626835461,0.9854696348671101,48,0.4431003504125348,0.7702033487864858,0.7331115110282359,16
SOH,ISU_ILCC,ISU_ILCC,CNN,0.03761831383318145,0.13035980435409186,0.04702449305581658,0.8992781764417145,0.9825969168376769,48,0.4431003504125348,0.7702033487864858,0.7331115110282359,16
SOH,ISU_ILCC,ISU_ILCC,GRU,0.045703277003074305,0.16707984691216407,0.05692363004779474,0.7664497501642787,0.9782445185225995,48,0.4431003504125348,0.7702033487864858,0.7331115110282359,16
SOH,ISU_ILCC,ISU_ILCC,LSTM,0.035712945166245354,0.1528954742208901,0.04770871154287332,0.9237050846910981,0.9822918022369532,48,0.4431003504125348,0.7702033487864858,0.7331115110282359,16
SOH,ISU_ILCC,ISU_ILCC,MLP,0.03894276378604817,0.15788489113052787,0.048149691611058566,0.919551709343864,0.9828208832875981,48,0.4431003504125348,0.7702033487864858,0.7331115110282359,16
SOH,MATR,MATR,Attention,0.004228551899321706,0.005228732424947288,0.010260707682607194,0.9591039428739478,0.9842077182932556,33,0.4329274334478794,0.8879351984756036,0.7653663726794683,16
SOH,MATR,MATR,CNN,0.003628443992524091,0.0043403534907068145,0.008285495101919421,0.9692690066279614,0.9874058722508523,33,0.4329274334478794,0.8879351984756036,0.7653663726794683,16
SOH,MATR,MATR,GRU,0.004950874966700833,0.005857860358322628,0.01011390104103199,0.9590378833315416,0.9827372429087182,33,0.4329274334478794,0.8879351984756036,0.7653663726794683,16
SOH,MATR,MATR,LSTM,0.004522810968295191,0.005437926523055012,0.00914508584356237,0.9690974914113395,0.9876081414376261,33,0.4329274334478794,0.8879351984756036,0.7653663726794683,16
SOH,MATR,MATR,MLP,0.004983272942927188,0.005852935036513254,0.010080064212365973,0.9550244262915557,0.9833882167443029,33,0.4329274334478794,0.8879351984756036,0.7653663726794683,16
SOH,MICH,MICH,Attention,0.004783710837417412,0.009004429323186987,0.010650269861105226,0.9924797536356903,0.996566390208621,8,0.576355563066732,0.9036347780212308,0.9010480940831558,16
SOH,MICH,MICH,CNN,0.0038463948430391,0.0060433045699974,0.008649743191635762,0.994849146516461,0.9975807341271072,8,0.576355563066732,0.9036347780212308,0.9010480940831558,16
SOH,MICH,MICH,GRU,0.006667667438091438,0.010759844066847237,0.011781497871460163,0.9917532367512333,0.9964176582087453,8,0.576355563066732,0.9036347780212308,0.9010480940831558,16
SOH,MICH,MICH,LSTM,0.006020308742443038,0.009260130760931351,0.010226062881741224,0.9942998799521654,0.997512492590312,8,0.576355563066732,0.9036347780212308,0.9010480940831558,16
SOH,MICH,MICH,MLP,0.005290140462236138,0.0101877983000366,0.010849869369580451,0.9930878921343452,0.9971202518832217,8,0.576355563066732,0.9036347780212308,0.9010480940831558,16
SOH,MICH_EXP,MICH_EXP,Attention,0.0095554751178887,0.010931046706600299,0.0155981951713662,0.6422789557000451,0.9877959580764294,3,0.37254519259179314,0.6765914253865224,0.6531024264924588,16
SOH,MICH_EXP,MICH_EXP,CNN,0.03402103503900256,0.0396618791511136,0.0400434974245949,0.42154277202305135,0.9910666043303872,3,0.37254519259179314,0.6765914253865224,0.6531024264924588,16
SOH,MICH_EXP,MICH_EXP,GRU,0.012873725747924267,0.014737742260783102,0.018193293134381065,0.6279833704416192,0.987870063430959,3,0.37254519259179314,0.6765914253865224,0.6531024264924588,16
SOH,MICH_EXP,MICH_EXP,LSTM,0.0097357728761127,0.011368486918198667,0.016109030415797566,0.6385441285855995,0.9927243315553901,3,0.37254519259179314,0.6765914253865224,0.6531024264924588,16
SOH,MICH_EXP,MICH_EXP,MLP,0.026451543099135794,0.0335062628857837,0.03395218907365947,0.4366293012723616,0.956048356907159,3,0.37254519259179314,0.6765914253865224,0.6531024264924588,16
SOH,NAion,NA-ion,Attention,0.0006651523633680199,0.0007872207064384201,0.00089562524977906,0.9991647029240742,0.9997752220495328,5,0.35217775041725363,0.996647016185339,0.6808218756045532,8
SOH,NAion,NA-ion,CNN,0.00211595242613526,0.00257673480938986,0.00252715576456632,0.9933139227488532,0.9996811713223778,5,0.35217775041725363,0.996647016185339,0.6808218756045532,8
SOH,NAion,NA-ion,GRU,0.00043494817422535994,0.00051272444438062,0.0007162263749354799,0.9994731450521378,0.99982206104198,5,0.35217775041725363,0.996647016185339,0.6808218756045532,8
SOH,NAion,NA-ion,LSTM,0.00062108998895664,0.00074595646750898,0.0010086539720889202,0.9989426788501264,0.9996916368034083,5,0.35217775041725363,0.996647016185339,0.6808218756045532,8
SOH,NAion,NA-ion,MLP,0.00072454952145044,0.00086947941479436,0.00086165656496162,0.999119340306969,0.9998456607470814,5,0.35217775041725363,0.996647016185339,0.6808218756045532,8
SOH,NAion2024,NA-ion,Attention,0.00080118477387186,0.0009678991292716001,0.0011762496475225001,0.9971783341725775,0.999691823685426,5,0.35217775041725363,0.996647016185339,0.6808218756045532,8
SOH,NAion2024,NA-ion,CNN,0.00216570252964488,0.00266066925720502,0.00404663406179396,0.979413828482348,0.9951725664439259,5,0.35217775041725363,0.996647016185339,0.6808218756045532,8
SOH,NAion2024,NA-ion,GRU,0.0007967927473563801,0.00098436851318138,0.0013893098944793999,0.9980365218415341,0.9993942638403688,5,0.35217775041725363,0.996647016185339,0.6808218756045532,8
SOH,NAion2024,NA-ion,LSTM,0.029618466976215018,0.03697116966266068,0.036113689875364695,-0.36846350214016377,,5,0.35217775041725363,0.996647016185339,0.6808218756045532,8
SOH,NAion2024,NA-ion,MLP,0.0011381496396005199,0.0014105656817365998,0.0019193059400932602,0.995970197868651,0.9989732924518606,5,0.35217775041725363,0.996647016185339,0.6808218756045532,8
SOH,NAion42,NA-ion,Attention,0.00071445836314042,0.00085925942410814,0.00099705891457188,0.9958257811625556,0.9989022804613008,5,0.35217775041725363,0.996647016185339,0.6808218756045532,8
SOH,NAion42,NA-ion,CNN,0.0032689315749643,0.00396901940331954,0.0037320585066338,0.9578408643430384,0.9985280319537427,5,0.35217775041725363,0.996647016185339,0.6808218756045532,8
SOH,NAion42,NA-ion,GRU,0.00083964750815168,0.00100856582857508,0.00108610043540154,0.9961834174180118,0.9991439726630885,5,0.35217775041725363,0.996647016185339,0.6808218756045532,8
SOH,NAion42,NA-ion,LSTM,0.02261256153026034,0.02727609690472636,0.027175679460700358,-0.36138171748931586,,5,0.35217775041725363,0.996647016185339,0.6808218756045532,8
SOH,NAion42,NA-ion,MLP,0.00093728040787114,0.00113461790050786,0.00119332076591384,0.9964300755864837,0.9994031128691322,5,0.35217775041725363,0.996647016185339,0.6808218756045532,8
SOH,RWTH,RWTH,Attention,0.002287810010321367,0.004416058868557933,0.0032844325728791333,0.9997722280082919,0.9999338501718859,9,0.8048668235156076,0.9982899618340508,0.9967637235821853,16
SOH,RWTH,RWTH,CNN,0.003855269583512489,0.008314142647666289,0.004789197970576033,0.9995447159330941,0.9999174187169917,9,0.8048668235156076,0.9982899618340508,0.9967637235821853,16
SOH,RWTH,RWTH,GRU,0.0029338745027859777,0.005256947447267778,0.005224910627697311,0.9993813643875225,0.9997759750525057,9,0.8048668235156076,0.9982899618340508,0.9967637235821853,16
SOH,RWTH,RWTH,LSTM,0.004740704336236444,0.009438511772231834,0.006991631206705389,0.9989582389063649,0.9996956210105389,9,0.8048668235156076,0.9982899618340508,0.9967637235821853,16
SOH,RWTH,RWTH,MLP,0.0033385411902709223,0.006101474224364611,0.0051399911324658334,0.9994449307867765,0.9998169923222311,9,0.8048668235156076,0.9982899618340508,0.9967637235821853,16
SOH,SDU,SDU,Attention,0.007963879163444511,0.00921259726219113,0.0123799159750546,0.9318842189450429,0.9919366010826834,17,0.5821527820515832,0.8503627993846817,0.7436472442596699,16
SOH,SDU,SDU,CNN,0.0065595738323054,0.007568562181591305,0.009873356572666924,0.9622241860678045,0.9947089292263068,17,0.5821527820515832,0.8503627993846817,0.7436472442596699,16
SOH,SDU,SDU,GRU,0.008028417090095705,0.009346492408389882,0.011470716427369389,0.974622177903975,0.9928280918272245,17,0.5821527820515832,0.8503627993846817,0.7436472442596699,16
SOH,SDU,SDU,LSTM,0.08154695494058543,0.09315384249052718,0.09537094276057077,-0.6064354522383676,,17,0.5821527820515832,0.8503627993846817,0.7436472442596699,16
SOH,SDU,SDU,MLP,0.008213138370176159,0.009576026548104405,0.012367252674463706,0.9420157182952302,0.9943506581454663,17,0.5821527820515832,0.8503627993846817,0.7436472442596699,16
SOH,SNL,SNL,Attention,0.01719895569065991,0.020856662963621382,0.02238896324012981,0.6177503606481551,0.907652407104057,10,0.25044492220981784,0.4390966667972094,0.43639830924478423,16
SOH,SNL,SNL,CNN,0.01707627348321225,0.02052314852094056,0.02239271378539967,0.6456081412127396,0.9120301915667197,10,0.25044492220981784,0.4390966667972094,0.43639830924478423,16
SOH,SNL,SNL,GRU,0.01695837636154017,0.02057654092397182,0.02172295864466573,0.6336396733403562,0.9142479247760631,10,0.25044492220981784,0.4390966667972094,0.43639830924478423,16
SOH,SNL,SNL,LSTM,0.017500984470355672,0.02108292726122601,0.02265225715185862,0.6993523909566155,0.922615527313545,10,0.25044492220981784,0.4390966667972094,0.43639830924478423,16
SOH,SNL,SNL,MLP,0.01796663955207128,0.021771457267350112,0.02273899582741685,0.6995380780751437,0.9228711861046923,10,0.25044492220981784,0.4390966667972094,0.43639830924478423,16
SOH,Stanford,Stanford,Attention,0.016601644089771814,1.139408284234825,0.025199761672586425,0.9783292482043047,0.9913068898097753,8,0.6030223502655379,0.9663326302629028,0.9197642505093827,16
SOH,Stanford,Stanford,CNN,0.0162109614567226,0.7025759868156001,0.022180192589777086,0.9855922175416215,0.9941986837758645,8,0.6030223502655379,0.9663326302629028,0.9197642505093827,16
SOH,Stanford,Stanford,GRU,0.018590327656508462,0.6884336551474004,0.027847772002219814,0.9704025766930939,0.9914560869339377,8,0.6030223502655379,0.9663326302629028,0.9197642505093827,16
SOH,Stanford,Stanford,LSTM,0.017053659651261988,0.8872407320227771,0.02653653754717245,0.9782510553305328,0.9923251047442896,8,0.6030223502655379,0.9663326302629028,0.9197642505093827,16
SOH,Stanford,Stanford,MLP,0.01813249906002814,0.8795820757113394,0.027061577510265975,0.9770879051601578,0.9919627232995888,8,0.6030223502655379,0.9663326302629028,0.9197642505093827,16
SOH,Stanford_2,Stanford_2,Attention,0.010633025291429059,0.18909966885616425,0.016503828129026912,0.9883991955812933,0.9961229380758445,36,0.5496840652526302,0.945418700515852,0.859967646148711,16
SOH,Stanford_2,Stanford_2,CNN,0.013330237289416734,0.5739696050721244,0.01858994220825661,0.9862397001382386,0.996069558112414,36,0.5496840652526302,0.945418700515852,0.859967646148711,16
SOH,Stanford_2,Stanford_2,GRU,0.012420420152928194,0.47685609523289124,0.01925742222194282,0.985050973527868,0.9954818695270232,36,0.5496840652526302,0.945418700515852,0.859967646148711,16
SOH,Stanford_2,Stanford_2,LSTM,0.012762168505134074,0.8263942019979779,0.019172088674928704,0.9841739899354841,0.9955280849790797,36,0.5496840652526302,0.945418700515852,0.859967646148711,16
SOH,Stanford_2,Stanford_2,MLP,0.014486183517217165,1.0152429754961048,0.020724106575026227,0.9817240080115922,0.9948266463935008,36,0.5496840652526302,0.945418700515852,0.859967646148711,16
SOH,Tongji,Tongji,Attention,0.014510314543393273,0.018052336874220542,0.019215936883071646,0.7435458223683974,0.8971087526618352,21,0.22644620842873556,0.4589297561043,0.4298096324705729,16
SOH,Tongji,Tongji,CNN,0.014590007675688238,0.017909886868354704,0.017965779588097294,0.7820935587972241,0.9850772614462516,21,0.22644620842873556,0.4589297561043,0.4298096324705729,16
SOH,Tongji,Tongji,GRU,0.018049228578338645,0.0221556609514938,0.02178382354880617,0.5949996394907557,0.9794005942655117,21,0.22644620842873556,0.4589297561043,0.4298096324705729,16
SOH,Tongji,Tongji,LSTM,0.05415877339468586,0.06524818363725404,0.06287155224657182,-0.48602111783967383,,21,0.22644620842873556,0.4589297561043,0.4298096324705729,16
SOH,Tongji,Tongji,MLP,0.017719694969520295,0.02202616594953961,0.0227813752227673,0.6043016302232536,0.7998161388907897,21,0.22644620842873556,0.4589297561043,0.4298096324705729,16
SOH,UL_PUR,UL_PUR,Attention,0.05731908101117955,0.06254468498140865,0.0594789121958768,-0.8439767286670999,0.9738476687974629,2,0.6258631749163975,0.8916610748111519,0.8717997683103565,16
SOH,UL_PUR,UL_PUR,CNN,0.0375509267076469,0.0415413033295184,0.042331645804149456,0.26342701530615664,0.9756000957883758,2,0.6258631749163975,0.8916610748111519,0.8717997683103565,16
SOH,UL_PUR,UL_PUR,GRU,0.059208458722461395,0.0642639620338792,0.06218232903555029,-1.0310667957203101,0.9527361383537689,2,0.6258631749163975,0.8916610748111519,0.8717997683103565,16
SOH,UL_PUR,UL_PUR,LSTM,0.0384154314268867,0.0418496524398332,0.0410663293847301,0.24773152416807276,0.9649156155605854,2,0.6258631749163975,0.8916610748111519,0.8717997683103565,16
SOH,UL_PUR,UL_PUR,MLP,0.020207572882723047,0.021836826762918198,0.02514794922537615,0.7547674680227269,0.9646176871331271,2,0.6258631749163975,0.8916610748111519,0.8717997683103565,16
SOH,XJTU,XJTU,Attention,0.001214659328995225,0.001310081466827825,0.0014638320348508,0.9989220338686386,0.9997036116811778,4,0.558355358855729,0.9383131406030448,0.855079930022967,16
SOH,XJTU,XJTU,CNN,0.00332109491332515,0.00363253745126985,0.0039779532899155,0.9914967332796178,0.9993235804808949,4,0.558355358855729,0.9383131406030448,0.855079930022967,16
SOH,XJTU,XJTU,GRU,0.0017203123937214251,0.0018796636925709998,0.002216685720694125,0.9972665905146681,0.9990361400430737,4,0.558355358855729,0.9383131406030448,0.855079930022967,16
SOH,XJTU,XJTU,LSTM,0.0014887160272964001,0.001607595318700675,0.0019027124829276499,0.9981369123484743,0.9993852588869891,4,0.558355358855729,0.9383131406030448,0.855079930022967,16
SOH,XJTU,XJTU,MLP,0.0019711791221788,0.0020972544222314,0.0024139050423597997,0.9969357958672056,0.9994731955954361,4,0.558355358855729,0.9383131406030448,0.855079930022967,16
SOH,ZN-coin,ZN-coin,Attention,0.036990550743778765,0.047640976063497396,0.04414574621437993,0.906108419690636,0.9856784296357622,20,0.5999550791803668,0.8277727374267557,0.8184261604916131,8
SOH,ZN-coin,ZN-coin,CNN,0.033068773531072425,0.043264851246056515,0.0402216837394432,0.9209471642559176,0.9845365607863062,20,0.5999550791803668,0.8277727374267557,0.8184261604916131,8
SOH,ZN-coin,ZN-coin,GRU,0.03453538819341796,0.04348571850337034,0.04262507248386985,0.8859735704839539,0.9793567880056246,20,0.5999550791803668,0.8277727374267557,0.8184261604916131,8
SOH,ZN-coin,ZN-coin,LSTM,0.0420354374030328,0.05322130455627446,0.052830906911918316,0.8125782963132553,0.9651912687689885,20,0.5999550791803668,0.8277727374267557,0.8184261604916131,8
SOH,ZN-coin,ZN-coin,MLP,0.0308613508144103,0.04048267949416491,0.03793802893664119,0.9158176406020335,0.9849553865924294,20,0.5999550791803668,0.8277727374267557,0.8184261604916131,8
SOH,ZN-coin2024,ZN-coin,Attention,0.05322586100527223,0.0666426261509914,0.059795464619964635,0.7901212826473357,0.9792352365069087,20,0.5999550791803668,0.8277727374267557,0.8184261604916131,8
SOH,ZN-coin2024,ZN-coin,CNN,0.0528490977304051,0.06518790506910835,0.06115624935006854,0.7872254704232031,0.9814030746224327,20,0.5999550791803668,0.8277727374267557,0.8184261604916131,8
SOH,ZN-coin2024,ZN-coin,GRU,0.055450871933761615,0.06804157322147443,0.0665589092176087,0.7455101499336432,0.944304254035129,20,0.5999550791803668,0.8277727374267557,0.8184261604916131,8
SOH,ZN-coin2024,ZN-coin,LSTM,0.05377669061697769,0.06600334715653015,0.06328564166019753,0.7670064242075433,0.9761876752738022,20,0.5999550791803668,0.8277727374267557,0.8184261604916131,8
SOH,ZN-coin2024,ZN-coin,MLP,0.04914685574847705,0.06016803079250645,0.05518327885956924,0.791686011855584,0.9852861057997206,20,0.5999550791803668,0.8277727374267557,0.8184261604916131,8
SOH,ZN-coin42,ZN-coin,Attention,0.03028440157360706,0.04023262036550824,0.03488612371197373,0.9421128315566328,0.9915241018433857,20,0.5999550791803668,0.8277727374267557,0.8184261604916131,8
SOH,ZN-coin42,ZN-coin,CNN,0.03278130784760024,0.04370541620364884,0.03636197116792039,0.9420184378746385,0.9927334864447224,20,0.5999550791803668,0.8277727374267557,0.8184261604916131,8
SOH,ZN-coin42,ZN-coin,GRU,0.030485087113216763,0.03970647873179929,0.03509658682684676,0.9351117822186973,0.9904675216512338,20,0.5999550791803668,0.8277727374267557,0.8184261604916131,8
SOH,ZN-coin42,ZN-coin,LSTM,0.028766690184785927,0.03814164962764001,0.03321767672706007,0.9463342128438486,0.9919082570754421,20,0.5999550791803668,0.8277727374267557,0.8184261604916131,8
SOH,ZN-coin42,ZN-coin,MLP,0.027500483160658163,0.036158903713442235,0.03151057314307394,0.9479497939243606,0.9937118499444697,20,0.5999550791803668,0.8277727374267557,0.8184261604916131,8
