target,model,task,dataset,mean_mae,mean_mape,mean_rmse,mean_r2,mean_pearson_r,n_batteries,n_metric_rows,performance_score,mean_abs_corr,median_abs_corr,max_abs_corr,top3_abs_corr,strong_feature_fraction,n_features,feature_quality_score,performance_rank,group
RUL,Attention,HNEI,HNEI,18.960241626343695,0.30827037533578805,27.08036313127208,0.9925672379051409,0.996432991974131,2,2,0.9479166666666666,0.8957209685412194,0.9573972453661839,0.9801418602551693,0.978718710390693,0.875,16,0.9515271797290272,1,性能最好
RUL,Attention,XJTU,XJTU,19.199496108710004,0.1760038999292919,22.90956130882726,0.892174039320178,0.984698083505168,4,4,0.90625,0.584860791737689,0.6809069998503198,0.9658673099702948,0.8942055812063175,0.375,16,0.8149778943047671,2,性能最好
RUL,Attention,NAion,NA-ion,22.291492647743535,0.753822117943999,23.966001954028503,0.730150073664594,0.9965683343888154,5,5,0.8437499999999999,0.24959343080433505,0.15653504912823335,0.6849663604743345,0.5077693966433549,0.0,16,0.4807763959740081,3,性能最好
RUL,Attention,ISU_ILCC,ISU_ILCC,1232.5869944917652,4.731904865677683,1513.6264292641374,-7.280846602518984,0.5892300744448369,48,48,0.10416666666666666,0.10621189738340767,0.09542576146725401,0.2243400565409862,0.2015850390214956,0.0,16,0.17737899764862983,24,性能最差
RUL,Attention,ZN-coin,ZN-coin,125.39865216046978,6173.601842054749,145.62751235935738,-11.105106600445763,0.9254556364959405,20,20,0.19791666666666669,0.4110900299803121,0.4764250502388606,0.6363956764754415,0.567860588081082,0.0,16,0.5384487648456119,23,性能最差
RUL,Attention,SNL,SNL,318.22817259989273,1.803607077299946,406.995540745785,-0.8422800432852451,0.6937100856211316,10,10,0.20833333333333334,0.3593712087732947,0.4127143623937205,0.5879159688138286,0.5807825348318784,0.0,16,0.5093565708063338,22,性能最差
RUL,CNN,HNEI,HNEI,28.723034189199332,0.2660507071087242,35.6578598255269,0.9873281395753353,0.9951666021334573,2,2,0.9270833333333334,0.8957209685412194,0.9573972453661839,0.9801418602551693,0.978718710390693,0.875,16,0.9515271797290272,1,性能最好
RUL,CNN,XJTU,XJTU,17.198373452193934,0.19669811854363195,22.030446891366626,0.9042262545229622,0.984875080445104,4,4,0.90625,0.584860791737689,0.6809069998503198,0.9658673099702948,0.8942055812063175,0.375,16,0.8149778943047671,2,性能最好
RUL,CNN,NAion,NA-ion,16.80902039909411,0.7111780082434922,19.055447314249513,0.8357610004963693,0.9953119653897398,5,5,0.8854166666666666,0.24959343080433505,0.15653504912823335,0.6849663604743345,0.5077693966433549,0.0,16,0.4807763959740081,3,性能最好
RUL,CNN,ISU_ILCC,ISU_ILCC,1089.821150078674,4.0545813712318335,1379.9818258096202,-6.056612807753591,0.6590073449790009,48,48,0.11458333333333331,0.10621189738340767,0.09542576146725401,0.2243400565409862,0.2015850390214956,0.0,16,0.17737899764862983,24,性能最差
RUL,CNN,CALB2024,CALB,93.09383876935028,3.9882525630769345,173.5073850971404,-26.838951986788864,0.49089143732433166,5,5,0.11458333333333333,0.13460890401848252,0.14021436597529705,0.334454832836895,0.2533293979792701,0.0,16,0.2407977116115492,23,性能最差
RUL,CNN,ZN-coin,ZN-coin,129.09003786824948,6382.060384835126,151.53121873033942,-10.38859355813205,0.93986515774244,20,20,0.21875,0.4110900299803121,0.4764250502388606,0.6363956764754415,0.567860588081082,0.0,16,0.5384487648456119,22,性能最差
RUL,GRU,XJTU,XJTU,20.363342550637654,0.2157273746617877,25.342570162475948,0.8495790146862124,0.9951276095996852,4,4,0.9375,0.584860791737689,0.6809069998503198,0.9658673099702948,0.8942055812063175,0.375,16,0.8149778943047671,1,性能最好
RUL,GRU,HNEI,HNEI,24.12106765476907,0.4773847769204863,36.52574298486357,0.9862304633648726,0.994406955078524,2,2,0.8948863636363636,0.8957209685412194,0.9573972453661839,0.9801418602551693,0.978718710390693,0.875,16,0.9515271797290272,2,性能最好
RUL,GRU,MICH,MICH,35.745573396884424,0.3868718392979686,41.26041711419529,0.9112132955580243,0.9935457395111637,8,8,0.8522727272727273,0.5064231312771605,0.42206116633886814,0.9294795566397764,0.8850568449298256,0.375,16,0.7736531776155875,3,性能最好
RUL,GRU,ISU_ILCC,ISU_ILCC,1459.625403636507,5.399649631537948,1838.6237689711588,-11.670427632464984,0.5254432085698368,48,48,0.07575757575757575,0.10621189738340767,0.09542576146725401,0.2243400565409862,0.2015850390214956,0.0,16,0.17737899764862983,24,性能最差
RUL,GRU,UL_PUR,UL_PUR,111.44927375974366,3.4609479390232942,124.05592117850705,-2.2713089354419074,0.3867748758771318,2,2,0.18939393939393942,0.5721833711038543,0.5919703343342806,0.7397530472332431,0.7222421031555267,0.125,16,0.678059507164208,23,性能最差
RUL,GRU,CALCE,CALCE,478.3618414350294,3.3105696964439866,510.3544937641669,-1.4189041874917558,0.8660884930354136,2,2,0.19412878787878785,0.3094574615243322,0.25471645886777317,0.759975479463217,0.6787922361404579,0.0625,16,0.5827417257093357,22,性能最差
RUL,LSTM,HNEI,HNEI,26.967626228733824,0.3048113606095803,39.6406686923241,0.9827350690400162,0.9948699076865761,2,2,0.9375,0.8957209685412194,0.9573972453661839,0.9801418602551693,0.978718710390693,0.875,16,0.9515271797290272,1,性能最好
RUL,LSTM,MICH,MICH,34.838122786762995,0.34681055608254224,40.086839126234835,0.9153303840425525,0.9936694317578889,8,8,0.8819444444444444,0.5064231312771605,0.42206116633886814,0.9294795566397764,0.8850568449298256,0.375,16,0.7736531776155875,2,性能最好
RUL,LSTM,XJTU,XJTU,18.845329130190922,0.18833579478315543,22.892243510594305,0.8871359559687173,0.9818623043423649,4,4,0.875,0.584860791737689,0.6809069998503198,0.9658673099702948,0.8942055812063175,0.375,16,0.8149778943047671,3,性能最好
RUL,LSTM,ISU_ILCC,ISU_ILCC,1264.6005268674035,3.8988598480514516,1592.5533257292307,-7.542471057480577,0.5441863722448663,48,48,0.06944444444444442,0.10621189738340767,0.09542576146725401,0.2243400565409862,0.2015850390214956,0.0,16,0.17737899764862983,24,性能最差
RUL,LSTM,ZN-coin,ZN-coin,126.92617929243659,6517.2313682722015,143.08496613276625,-6.304687087107249,0.9305648075922935,20,20,0.21180555555555555,0.4110900299803121,0.4764250502388606,0.6363956764754415,0.567860588081082,0.0,16,0.5384487648456119,23,性能最差
RUL,LSTM,MICH_EXP,MICH_EXP,122.09779725370838,3.828370310058613,138.44661777741723,-2.3352051106095453,,3,3,0.22222222222222224,0.12628086351906,0.13282489004930959,0.2381660167277987,0.23669971593553998,0.0,16,0.20038219872746624,22,性能最差
RUL,MLP,XJTU,XJTU,13.694187495963869,0.18917392590561047,16.16714498617325,0.9427240626230976,0.9950537938722215,4,4,0.9776785714285714,0.584860791737689,0.6809069998503198,0.9658673099702948,0.8942055812063175,0.375,16,0.8149778943047671,1,性能最好
RUL,MLP,HNEI,HNEI,22.53819660730458,0.40004921865567616,34.24982323989549,0.9878911240572209,0.9948112868582848,2,2,0.9032738095238094,0.8957209685412194,0.9573972453661839,0.9801418602551693,0.978718710390693,0.875,16,0.9515271797290272,2,性能最好
RUL,MLP,NAion,NA-ion,17.00231613555858,0.5269285484502745,18.49412826902065,0.8278809230292922,0.9964127668775353,5,5,0.8749999999999999,0.24959343080433505,0.15653504912823335,0.6849663604743345,0.5077693966433549,0.0,16,0.4807763959740081,3,性能最好
RUL,MLP,ISU_ILCC,ISU_ILCC,1444.8175322404893,5.7099611164058715,1750.4210150471981,-35.12172357881771,0.5238838954373196,48,48,0.08630952380952381,0.10621189738340767,0.09542576146725401,0.2243400565409862,0.2015850390214956,0.0,16,0.17737899764862983,24,性能最差
RUL,MLP,UL_PUR,UL_PUR,1204.0454440040457,21.652589766527292,1208.5533917777536,-360.9030312471514,0.8386748449242266,2,2,0.11160714285714282,0.5721833711038543,0.5919703343342806,0.7397530472332431,0.7222421031555267,0.125,16,0.678059507164208,23,性能最差
RUL,MLP,CALCE,CALCE,537.7440726682742,2.5294755837855223,559.6303969312571,-2.6425559486973222,0.8959424270501444,2,2,0.2068452380952381,0.3094574615243322,0.25471645886777317,0.759975479463217,0.6787922361404579,0.0625,16,0.5827417257093357,22,性能最差
SOH,Attention,NAion,NA-ion,0.0006651523633680199,0.0007872207064384201,0.00089562524977906,0.9991647029240742,0.9997752220495328,5,5,0.9787137681159421,0.35217775041725363,0.2872345618255437,0.996647016185339,0.6808218756045532,0.0625,16,0.6765488807357153,1,性能最好
SOH,Attention,RWTH,RWTH,0.002287810010321367,0.004416058868557933,0.0032844325728791333,0.9997722280082919,0.9999338501718859,9,9,0.9166666666666666,0.8048668235156076,0.9590176387261788,0.9982899618340508,0.9967637235821853,0.75,16,0.9333068363106145,2,性能最好
SOH,Attention,XJTU,XJTU,0.001214659328995225,0.001310081466827825,0.0014638320348508,0.9989220338686386,0.9997036116811778,4,4,0.894927536231884,0.558355358855729,0.5416575130627215,0.9383131406030448,0.855079930022967,0.1875,16,0.7839161431605802,3,性能最好
SOH,Attention,HNEI,HNEI,0.14931427495098437,0.26267150449441357,0.17281266318048785,-0.01176903868462905,,2,2,0.11111111111111109,0.9035176803708533,0.9644295271583254,0.9878710721606272,0.9877982187973391,0.875,16,0.9597289904429399,24,性能最差
SOH,Attention,UL_PUR,UL_PUR,0.05731908101117955,0.06254468498140865,0.0594789121958768,-0.8439767286670999,0.9738476687974629,2,2,0.21150362318840582,0.6258631749163975,0.5977273196169286,0.8916610748111519,0.8717997683103565,0.4375,16,0.7964413393459687,23,性能最差
SOH,Attention,ZN-coin2024,ZN-coin,0.05322586100527223,0.0666426261509914,0.059795464619964635,0.7901212826473357,0.9792352365069087,20,20,0.26449275362318836,0.5999550791803668,0.7283110454629567,0.8277727374267557,0.8184261604916131,0.25,16,0.7487179923662453,22,性能最差
SOH,CNN,NAion,NA-ion,0.00211595242613526,0.00257673480938986,0.00252715576456632,0.9933139227488532,0.9996811713223778,5,5,0.96875,0.35217775041725363,0.2872345618255437,0.996647016185339,0.6808218756045532,0.0625,16,0.6765488807357153,1,性能最好
SOH,CNN,XJTU,XJTU,0.00332109491332515,0.00363253745126985,0.0039779532899155,0.9914967332796178,0.9993235804808949,4,4,0.8958333333333333,0.558355358855729,0.5416575130627215,0.9383131406030448,0.855079930022967,0.1875,16,0.7839161431605802,2,性能最好
SOH,CNN,RWTH,RWTH,0.003855269583512489,0.008314142647666289,0.004789197970576033,0.9995447159330941,0.9999174187169917,9,9,0.8854166666666666,0.8048668235156076,0.9590176387261788,0.9982899618340508,0.9967637235821853,0.75,16,0.9333068363106145,3,性能最好
SOH,CNN,CALB42,CALB,0.04383649568726314,0.04519616724222168,0.04433654395516022,-11184.480131057551,0.48820192040818783,5,5,0.125,0.7056551938510651,0.6974270994749904,0.8857564621083487,0.8757700117639272,0.5,16,0.8223938892411137,24,性能最差
SOH,CNN,ZN-coin2024,ZN-coin,0.0528490977304051,0.06518790506910835,0.06115624935006854,0.7872254704232031,0.9814030746224327,20,20,0.21875,0.5999550791803668,0.7283110454629567,0.8277727374267557,0.8184261604916131,0.25,16,0.7487179923662453,23,性能最差
SOH,CNN,UL_PUR,UL_PUR,0.0375509267076469,0.0415413033295184,0.042331645804149456,0.26342701530615664,0.9756000957883758,2,2,0.23958333333333331,0.6258631749163975,0.5977273196169286,0.8916610748111519,0.8717997683103565,0.4375,16,0.7964413393459687,22,性能最差
SOH,GRU,NAion,NA-ion,0.00043494817422535994,0.00051272444438062,0.0007162263749354799,0.9994731450521378,0.99982206104198,5,5,1.0,0.35217775041725363,0.2872345618255437,0.996647016185339,0.6808218756045532,0.0625,16,0.6765488807357153,1,性能最好
SOH,GRU,NAion2024,NA-ion,0.0007967927473563801,0.00098436851318138,0.0013893098944793999,0.9980365218415341,0.9993942638403688,5,5,0.9270833333333333,0.35217775041725363,0.2872345618255437,0.996647016185339,0.6808218756045532,0.0625,16,0.6765488807357153,2,性能最好
SOH,GRU,NAion42,NA-ion,0.00083964750815168,0.00100856582857508,0.00108610043540154,0.9961834174180118,0.9991439726630885,5,5,0.8958333333333334,0.35217775041725363,0.2872345618255437,0.996647016185339,0.6808218756045532,0.0625,16,0.6765488807357153,3,性能最好
SOH,GRU,UL_PUR,UL_PUR,0.059208458722461395,0.0642639620338792,0.06218232903555029,-1.0310667957203101,0.9527361383537689,2,2,0.17708333333333331,0.6258631749163975,0.5977273196169286,0.8916610748111519,0.8717997683103565,0.4375,16,0.7964413393459687,24,性能最差
SOH,GRU,ZN-coin2024,ZN-coin,0.055450871933761615,0.06804157322147443,0.0665589092176087,0.7455101499336432,0.944304254035129,20,20,0.1875,0.5999550791803668,0.7283110454629567,0.8277727374267557,0.8184261604916131,0.25,16,0.7487179923662453,23,性能最差
SOH,GRU,ISU_ILCC,ISU_ILCC,0.045703277003074305,0.16707984691216407,0.05692363004779474,0.7664497501642787,0.9782445185225995,48,48,0.25,0.4431003504125348,0.4297514200099952,0.7702033487864858,0.7331115110282359,0.125,16,0.6488050700757522,22,性能最差
SOH,LSTM,NAion,NA-ion,0.00062108998895664,0.00074595646750898,0.0010086539720889202,0.9989426788501264,0.9996916368034083,5,5,0.9770833333333333,0.35217775041725363,0.2872345618255437,0.996647016185339,0.6808218756045532,0.0625,16,0.6765488807357153,1,性能最好
SOH,LSTM,XJTU,XJTU,0.0014887160272964001,0.001607595318700675,0.0019027124829276499,0.9981369123484743,0.9993852588869891,4,4,0.9333333333333332,0.558355358855729,0.5416575130627215,0.9383131406030448,0.855079930022967,0.1875,16,0.7839161431605802,2,性能最好
SOH,LSTM,RWTH,RWTH,0.004740704336236444,0.009438511772231834,0.006991631206705389,0.9989582389063649,0.9996956210105389,9,9,0.90625,0.8048668235156076,0.9590176387261788,0.9982899618340508,0.9967637235821853,0.75,16,0.9333068363106145,3,性能最好
SOH,LSTM,SDU,SDU,0.08154695494058543,0.09315384249052718,0.09537094276057077,-0.6064354522383676,,17,17,0.125,0.5821527820515832,0.6096411362281595,0.8503627993846817,0.7436472442596699,0.125,16,0.7253876085653116,24,性能最差
SOH,LSTM,Tongji,Tongji,0.05415877339468586,0.06524818363725404,0.06287155224657182,-0.48602111783967383,,21,21,0.1944444444444445,0.22644620842873556,0.25234041698030135,0.4589297561043,0.4298096324705729,0.0,16,0.3717285323345361,23,性能最差
SOH,LSTM,ZN-coin2024,ZN-coin,0.05377669061697769,0.06600334715653015,0.06328564166019753,0.7670064242075433,0.9761876752738022,20,20,0.3,0.5999550791803668,0.7283110454629567,0.8277727374267557,0.8184261604916131,0.25,16,0.7487179923662453,22,性能最差
SOH,MLP,NAion,NA-ion,0.00072454952145044,0.00086947941479436,0.00086165656496162,0.999119340306969,0.9998456607470814,5,5,0.9895833333333334,0.35217775041725363,0.2872345618255437,0.996647016185339,0.6808218756045532,0.0625,16,0.6765488807357153,1,性能最好
SOH,MLP,NAion42,NA-ion,0.00093728040787114,0.00113461790050786,0.00119332076591384,0.9964300755864837,0.9994031128691322,5,5,0.9166666666666666,0.35217775041725363,0.2872345618255437,0.996647016185339,0.6808218756045532,0.0625,16,0.6765488807357153,2,性能最好
SOH,MLP,RWTH,RWTH,0.0033385411902709223,0.006101474224364611,0.0051399911324658334,0.9994449307867765,0.9998169923222311,9,9,0.8958333333333334,0.8048668235156076,0.9590176387261788,0.9982899618340508,0.9967637235821853,0.75,16,0.9333068363106145,3,性能最好
SOH,MLP,MICH_EXP,MICH_EXP,0.026451543099135794,0.0335062628857837,0.03395218907365947,0.4366293012723616,0.956048356907159,3,3,0.22916666666666666,0.37254519259179314,0.33255607826486855,0.6765914253865224,0.6531024264924588,0.0,16,0.5674130148235914,24,性能最差
SOH,MLP,ZN-coin2024,ZN-coin,0.04914685574847705,0.06016803079250645,0.05518327885956924,0.791686011855584,0.9852861057997206,20,20,0.2708333333333333,0.5999550791803668,0.7283110454629567,0.8277727374267557,0.8184261604916131,0.25,16,0.7487179923662453,23,性能最差
SOH,MLP,ISU_ILCC,ISU_ILCC,0.03894276378604817,0.15788489113052787,0.048149691611058566,0.919551709343864,0.9828208832875981,48,48,0.2708333333333333,0.4431003504125348,0.4297514200099952,0.7702033487864858,0.7331115110282359,0.125,16,0.6488050700757522,22,性能最差
