cycle_number,relax_var,relax_ske,relax_max,relax_min,relax_mean,relax_kur,relax_duration_s,relax_points,relax_start_voltage,relax_end_voltage,relax_voltage_delta,window_s,window_points,SOH,RUL,discharge_capacity_in_Ah
2,0.0011553129254074,-3.689828446163132,4.1816607,4.0389442,4.16014888,14.030449267885515,1680.0680797989553,15,4.1816607,4.0389442,-0.1427164999999997,1680.0680797989553,15,0.9097914594249904,245.0,3.1842701079874662
3,0.0011811031822983,-3.6937091306035574,4.1816607,4.0373302,4.1599179133333335,14.052000753833688,1680.072084493011,15,4.1816607,4.0373302,-0.1443304999999997,1680.072084493011,15,0.9095257630704366,244.0,3.1833401707465283
4,0.0011817144216383,-3.69555288807464,4.1816607,4.0374875,4.160122613333334,14.060555952863076,1680.0680844930612,15,4.1816607,4.0374875,-0.1441732,1680.0680844930612,15,0.9092176156100418,243.0,3.182261654635146
5,0.0011605316179892,-3.692811201865439,4.1815424,4.03859,4.160096306666666,14.046584520747462,1680.0620844924997,15,4.1815424,4.03859,-0.1429523999999995,1680.0620844924997,15,0.9086179161038253,242.0,3.1801627063633884
6,0.0011584712239292,-3.693087395512816,4.1814637,4.03859,4.159991393333333,14.048397342588402,1680.0660844928934,15,4.1814637,4.03859,-0.1428737,1680.0660844928934,15,0.9079997125432476,241.0,3.177998993901367
7,0.0011830585003452,-3.698687317899648,4.1815424,4.0372906,4.160025466666666,14.07767710275658,1680.0721752448007,15,4.1815424,4.0372906,-0.1442517999999992,1680.0721752448007,15,0.9073935475597176,240.0,3.175877416459012
8,0.0011661346427731,-3.69336118872794,4.1815424,4.0381174,4.15992312,14.050523147828436,1680.0621752440784,15,4.1815424,4.0381174,-0.1434249999999997,1680.0621752440784,15,0.9065561157924498,239.0,3.1729464052735743
9,0.001167203875354,-3.693643200506999,4.1816211,4.038157,4.1600202600000005,14.051347491150713,1680.0601752437942,15,4.1816211,4.038157,-0.1434641000000001,1680.0601752437942,15,0.9059207081395316,238.0,3.170722478488361
10,0.0011644813183166,-3.6945496356248952,4.1814246,4.038157,4.159886466666666,14.056143591875584,1680.0721752454992,15,4.1814246,4.038157,-0.1432675999999997,1680.0721752454992,15,0.9050710996563044,237.0,3.167748848797065
11,0.0011685313631883,-3.69579616469536,4.1813455,4.0378814,4.159833846666667,14.06263312177274,1680.0661752446613,15,4.1813455,4.0378814,-0.1434641000000001,1680.0661752446613,15,0.9042944834545514,236.0,3.16503069209093
12,0.0011720060862569,-3.694637033682977,4.181503299999999,4.0378027,4.159925753333334,14.056674194468776,1680.064175244479,15,4.181503299999999,4.0378027,-0.1437005999999989,1680.064175244479,15,0.9035812094774226,235.0,3.162534233170979
13,0.0011691179942563,-3.694895498168582,4.1816211,4.0379601,4.159936273333334,14.059024640139056,1680.0601752437651,15,4.1816211,4.0379601,-0.1436609999999998,1680.0601752437651,15,0.9028600841329906,234.0,3.160010294465467
14,0.0011702411005828,-3.696089658599836,4.181385,4.0378027,4.159847000000001,14.064157491447896,1680.064175244188,15,4.181385,4.0378027,-0.1435822999999993,1680.064175244188,15,0.902025479412008,233.0,3.1570891779420283
15,0.0011716240958263,-3.6968292301378938,4.1813064,4.0376844,4.159807626666667,14.068013282952162,1680.062175244122,15,4.1813064,4.0376844,-0.1436220000000005,1680.062175244122,15,0.901231591287474,232.0,3.1543105695061593
16,0.0011753711765392,-3.6957838126926448,4.181503299999999,4.0376058,4.159915326666667,14.063166913334207,1680.062175244122,15,4.181503299999999,4.0376058,-0.1438974999999995,1680.062175244122,15,0.9005412779254246,231.0,3.151894472738986
17,0.0011723306808154,-3.6969553201336978,4.1814246,4.0376058,4.15976836,14.069723824408,1680.0641752444208,15,4.1814246,4.0376058,-0.1438188,1680.0641752444208,15,0.8998623450576249,230.0,3.149518207701687
18,0.0012005361629569,-3.70008954597392,4.1812277,4.0359917,4.159642313333333,14.084544753055326,1680.0661752446904,15,4.1812277,4.0359917,-0.1452359999999997,1680.0661752446904,15,0.8990995981643727,229.0,3.1468485935753043
19,0.0011732790803283,-3.695632724931224,4.1814246,4.0376058,4.159805053333333,14.06241496185071,1680.0641752443626,15,4.1814246,4.0376058,-0.1438188,1680.0641752443626,15,0.898442773177935,228.0,3.1445497061227723
20,0.0012045065238666,-3.6997571164212535,4.1812668,4.0356374,4.159490066666667,14.083477668652248,1680.0741752450704,15,4.1812668,4.0356374,-0.1456294000000006,1680.0741752450704,15,0.8976191734714869,227.0,3.1416671071502043
21,0.0012044091452906,-3.698051575811379,4.1812668,4.0356374,4.159469073333333,14.07451790721839,1680.0721752448007,15,4.1812668,4.0356374,-0.1456294000000006,1680.0721752448007,15,0.8969411075857971,226.0,3.13929387655029
22,0.0012038886587871,-3.698143334339261,4.1813064,4.0357161,4.1595216,14.074806508717597,1680.0741752451868,15,4.1813064,4.0357161,-0.1455903000000002,1680.0741752451868,15,0.8962164243264812,225.0,3.136757485142684
23,0.0012060606326088,-3.697923580335546,4.1814246,4.0356374,4.15955312,14.074149934306494,1680.078175246017,15,4.1814246,4.0356374,-0.1457872,1680.078175246017,15,0.89562911099745,224.0,3.134701888491075
24,0.0012042324806666,-3.6984613895709866,4.1811881,4.0355978,4.159424433333333,14.076808217029132,1680.0801752452971,15,4.1811881,4.0355978,-0.1455903000000002,1680.0801752452971,15,0.8949059420813571,223.0,3.1321707972847497
25,0.0012074491545368,-3.699308965030389,4.1811094,4.0353222,4.159322140000001,14.081328556720962,1680.0781752458424,15,4.1811094,4.0353222,-0.1457872,1680.0781752458424,15,0.8941448133184915,222.0,3.12950684661472
26,0.0012097265284792,-3.697992499393548,4.1811094,4.0351648,4.159269626666667,14.074677619846652,1680.0741752451286,15,4.1811094,4.0351648,-0.1459445999999999,1680.0741752451286,15,0.8935054044114662,221.0,3.1272689154401316
27,0.001209134334852,-3.701612633303117,4.1811094,4.0353222,4.159429706666667,14.092986573174551,1680.0701752449386,15,4.1811094,4.0353222,-0.1457872,1680.0701752449386,15,0.8929044005976016,220.0,3.1251654020916053
28,0.0012131400931481,-3.698731506853308,4.1811094,4.0349679,4.159253866666666,14.077993956502851,1680.0781752460753,15,4.1811094,4.0349679,-0.1461415000000006,1680.0781752460753,15,0.8922213849720972,219.0,3.1227748474023405
29,0.001212096477902,-3.6979151664928662,4.1812277,4.0350466,4.159272226666666,14.07432899197238,1680.0741752451286,15,4.1812277,4.0350466,-0.1461810999999997,1680.0741752451286,15,0.8916602669739344,218.0,3.1208109344087704
30,0.001211099100614,-3.700002024534855,4.181149,4.0350862,4.159280113333334,14.085123773011492,1680.076175245631,15,4.181149,4.0350862,-0.1460627999999992,1680.076175245631,15,0.8910471272230746,217.0,3.118664945280761
31,0.0012119934814154,-3.701077591415442,4.1811094,4.0351253,4.15937456,14.090283465869144,1680.0861752471535,15,4.1811094,4.0351253,-0.1459841000000006,1680.0861752471535,15,0.8905697844414994,216.0,3.1169942455452477
32,0.0012106199476714,-3.699983685433425,4.1811094,4.0352039,4.159372,14.084202637203092,1680.084175246826,15,4.1811094,4.0352039,-0.1459055000000004,1680.084175246826,15,0.8899389420403575,215.0,3.114786297141251
33,0.0012124943831452,-3.6982459662102314,4.1812277,4.035007,4.159256533333333,14.07635974451545,1680.0801752442494,15,4.1812277,4.035007,-0.1462206999999997,1680.0801752442494,15,0.88932506964057,214.0,3.112637743741995
34,0.0012127304111223,-3.69952054981406,4.1811094,4.0349283,4.159201333333333,14.082623621399144,1680.0901752478094,15,4.1811094,4.0349283,-0.1461811000000006,1680.0901752478094,15,0.8887274290516495,213.0,3.110546001680773
35,0.0012105422268692,-3.7003310204441737,4.1811094,4.0351253,4.159293206666667,14.086443369549514,1680.0801752450643,15,4.1811094,4.0351253,-0.1459841000000006,1680.0801752450643,15,0.8882261186877247,212.0,3.1087914154070364
36,0.0012356750423802,-3.702062996783248,4.1811881,4.0337081,4.15917512,14.095774457777107,1680.0901752478676,15,4.1811881,4.0337081,-0.1474799999999998,1680.0901752478676,15,0.8876984011991169,211.0,3.106944404196909
37,0.0012150752606502,-3.6990539982470634,4.181149,4.0348496,4.15923812,14.080006809539247,1680.08217524644,15,4.181149,4.0348496,-0.1462993999999993,1680.08217524644,15,0.8871098677942469,210.0,3.1048845372798644
38,0.0012382309836083,-3.7037223784192097,4.1809125,4.0334716,4.1590832466666665,14.103847435602628,1680.0801752451807,15,4.1809125,4.0334716,-0.1474408999999994,1680.0801752451807,15,0.8865536853333486,209.0,3.10293789866672
39,0.0012143617889635,-3.69789575597675,4.1810703,4.034810500000001,4.159151526666666,14.073888412014025,1680.0861752470955,15,4.1810703,4.034810500000001,-0.1462597999999992,1680.0861752470955,15,0.8859765585538357,208.0,3.100917954938425
40,0.0012141158300292,-3.700944612083644,4.1809521,4.034771,4.159127826666667,14.089667487961451,1680.0861752481433,15,4.1809521,4.034771,-0.1461810999999997,1680.0861752481433,15,0.8854206432624937,207.0,3.098972251418728
41,0.0012405225388926,-3.704726612827374,4.1809521,4.0333142,4.159051813333333,14.109318395578423,1680.09017524682,15,4.1809521,4.0333142,-0.1476378999999994,1680.09017524682,15,0.8849145549287339,206.0,3.0972009422505686
42,0.0012181715680226,-3.701749483342362,4.180873399999999,4.0344954,4.1590675133333335,14.094000847985306,1680.0841752458364,15,4.180873399999999,4.0344954,-0.1463779999999994,1680.0841752458364,15,0.8844130483344571,205.0,3.0954456691706
43,0.0012197152843555,-3.700214319992408,4.1810703,4.0344167,4.159054413333333,14.086832410796838,1680.1161752510816,15,4.1810703,4.0344167,-0.1466535999999996,1680.1161752510816,15,0.8839306822473724,204.0,3.093757387865803
44,0.0012430069045171,-3.706415222445886,4.1809912,4.0332355,4.1591147,14.117959142769692,1680.130175251048,15,4.1809912,4.0332355,-0.1477557000000002,1680.130175251048,15,0.8834740737577123,203.0,3.0921592581519928
45,0.0012155037673488,-3.70062434316765,4.1809125,4.0347319,4.15915678,14.087960920134798,1680.0841752460692,15,4.1809125,4.0347319,-0.1461806000000001,1680.0841752460692,15,0.8829060424316788,202.0,3.090171148510876
46,0.0012202401479512,-3.701340449632661,4.1809912,4.0344563,4.159130453333333,14.09197685312223,1680.0821752473712,15,4.1809912,4.0344563,-0.1465348999999998,1680.0821752473712,15,0.8823555592648281,201.0,3.0882444574268986
47,0.0012196627377969,-3.700016381826098,4.181030799999999,4.0344563,4.1590885533333335,14.085122903947068,1680.0861752460478,15,4.181030799999999,4.0344563,-0.1465744999999989,1680.0861752460478,15,0.881859967721277,200.0,3.0865098870244694
48,0.001246684686714,-3.702220832594603,4.1809521,4.0328813,4.158907459999999,14.09654002158386,1680.098175247433,15,4.1809521,4.0328813,-0.1480708000000001,1680.098175247433,15,0.8812923558031056,199.0,3.0845232453108697
49,0.0012679345146054,-3.7076504466464058,4.1809521,4.0317788,4.158925760000001,14.124395657215732,1680.1221752503188,15,4.1809521,4.0317788,-0.1491733000000001,1680.1221752503188,15,0.8809473728284652,198.0,3.0833158048996285
50,0.001288171119894,-3.7109514252991502,4.1807551,4.0305586,4.158747286666666,14.141104752616425,1680.164175255224,15,4.1807551,4.0305586,-0.1501964999999998,1680.164175255224,15,0.8804899526288138,197.0,3.081714834200848
52,0.0012483514976671,-3.701108962193298,4.1809125,4.032723900000001,4.1588234,14.090504939536515,1680.1221752502024,15,4.1809125,4.032723900000001,-0.1481885999999992,1680.1221752502024,15,0.8797857812457769,195.0,3.0792502343602193
53,0.0012464346509406,-3.70137476843436,4.180873399999999,4.032763,4.158768326666667,14.092018581254532,1680.1201752498746,15,4.180873399999999,4.032763,-0.1481103999999993,1680.1201752498746,15,0.8792733124642315,194.0,3.07745659362481
54,0.0012527713637299,-3.7010774234455583,4.180873399999999,4.0323696,4.158692200000001,14.090610455820132,1680.126175250858,15,4.180873399999999,4.0323696,-0.1485037999999994,1680.126175250858,15,0.878691784877736,193.0,3.075421247072076
55,0.0012524841413869,-3.7013023083384327,4.1807156,4.0322909,4.158600286666666,14.091152588336836,1680.138175252825,15,4.1807156,4.0322909,-0.1484247000000005,1680.138175252825,15,0.8782446681906853,192.0,3.0738563386673983
56,0.0012500566974797,-3.705932529310877,4.1807156,4.0325661,4.158797140000001,14.11540488577268,1680.1241752504138,15,4.1807156,4.0325661,-0.1481494999999997,1680.1241752504138,15,0.8779131257822961,191.0,3.0726959402380363
57,0.0012225298859269,-3.6998076986258113,4.1807551,4.0340624,4.158839153333333,14.084053860082992,1680.1221752503188,15,4.1807551,4.0340624,-0.1466927,1680.1221752503188,15,0.8774894616018722,190.0,3.071213115606553
58,0.0012270475872821,-3.698210810746874,4.1807551,4.0337868,4.158778693333335,14.075607338469798,1680.1121752484469,15,4.1807551,4.0337868,-0.1469683000000001,1680.1121752484469,15,0.8770279934296329,189.0,3.069597977003715
59,0.001277562583084,-3.70415345990472,4.1807156,4.0308733,4.1584690533333335,14.106528505103984,1680.1561752532143,15,4.1807156,4.0308733,-0.1498423000000004,1680.1561752532143,15,0.876430025306804,188.0,3.067505088573814
60,0.0012783085578239,-3.706053069789222,4.1805582,4.030755,4.15840606,14.116299030673355,1680.1281752502546,15,4.1805582,4.030755,-0.1498032,1680.1281752502546,15,0.8760179764627898,187.0,3.066062917619764
61,0.0012540669696545,-3.701903944788047,4.1807551,4.0321727,4.15856882,14.095175541714829,1680.1201752497582,15,4.1807551,4.0321727,-0.1485823999999995,1680.1201752497582,15,0.8757239932436606,186.0,3.065033976352812
62,0.0012993334438912,-3.708886061860249,4.1805582,4.0295744,4.158298453333334,14.131160253385849,1680.1601752553834,15,4.1805582,4.0295744,-0.1509838000000005,1680.1601752553834,15,0.8752800114699194,185.0,3.063480040144718
63,0.0012523801899702,-3.701201160286855,4.1807551,4.0322118,4.158516379999999,14.091663618020496,1680.128175251186,15,4.1807551,4.0322118,-0.1485433,1680.128175251186,15,0.8749748959823757,184.0,3.062412135938315
64,0.0012499892155035,-3.702029706602562,4.1805582,4.0322514,4.158442806666666,14.09565349790282,1680.1301752511645,15,4.1805582,4.0322514,-0.1483068000000003,1680.1301752511645,15,0.8745719159139382,183.0,3.061001705698784
65,0.001253484064114,-3.702216524590958,4.1805582,4.032015299999999,4.15838506,14.096844172137274,1680.126175251091,15,4.1805582,4.032015299999999,-0.1485429000000007,1680.126175251091,15,0.8741304097796149,182.0,3.059456434228652
66,0.0013038264599981,-3.70739705180036,4.180597799999999,4.029298799999999,4.158230333333333,14.123081035090948,1680.144175251946,15,4.180597799999999,4.029298799999999,-0.1512989999999998,1680.144175251946,15,0.8737348186565683,181.0,3.0580718652979892
67,0.0012576465784412,-3.703444104540876,4.1805582,4.0318971,4.158487386666667,14.102638465887242,1680.122200287995,15,4.1805582,4.0318971,-0.1486611,1680.122200287995,15,0.8733938572420631,180.0,3.0568785003472208
68,0.0012309114526455,-3.700126600635766,4.1807156,4.0334325,4.158639646666667,14.086017831166782,1680.0982002799865,15,4.1807156,4.0334325,-0.1472831000000001,1680.0982002799865,15,0.8730719721167379,179.0,3.055751902408583
69,0.0012831787757223,-3.70665709960056,4.1805191,4.0304403,4.158340433333333,14.119676287753787,1680.1362002859823,15,4.1805191,4.0304403,-0.1500787999999993,1680.1362002859823,15,0.8727393437552332,178.0,3.054587703143316
70,0.0012587168453806,-3.7029198892291144,4.1804795,4.0316215,4.158261706666666,14.100695545722704,1680.10820028116,15,4.1804795,4.0316215,-0.1488579999999997,1680.10820028116,15,0.8722617884363751,177.0,3.052916259527313
71,0.00128396412695,-3.704195904076826,4.1804399,4.030204299999999,4.15812,14.10694104672465,1680.1142002819106,15,4.1804399,4.030204299999999,-0.1502356000000002,1680.1142002819106,15,0.871870254750976,176.0,3.051545891628416
72,0.0012629090146717,-3.7027216214559737,4.1804008,4.0314641,4.158311580000001,14.098520340290438,1680.1082002860494,15,4.1804008,4.0314641,-0.1489367000000001,1680.1082002860494,15,0.8715463674125363,175.0,3.050412285943877
73,0.0012573116754683,-3.7002024831341607,4.1803613,4.0315819,4.158125146666666,14.086253083514276,1680.108200283721,15,4.1803613,4.0315819,-0.1487794000000004,1680.108200283721,15,0.8711430746372768,174.0,3.049000761230469
74,0.0012617074525228,-3.700411004014109,4.1804795,4.0314641,4.158230199999999,14.087227595390711,1680.1082002830226,15,4.1804795,4.0314641,-0.1490153999999997,1680.1082002830226,15,0.870857310983034,173.0,3.048000588440619
75,0.0012614700466788,-3.701288265140184,4.1804399,4.0313854,4.158148819999999,14.092438124668096,1680.0962002801243,15,4.1804399,4.0313854,-0.1490545000000001,1680.0962002801243,15,0.8704418206951423,172.0,3.046546372432998
76,0.0012614389352183,-3.7001960554406024,4.1804795,4.0315032,4.158253853333334,14.086163454664952,1680.1042002832985,15,4.1804795,4.0315032,-0.1489762999999992,1680.1042002832985,15,0.8701008748004637,171.0,3.045353061801623
77,0.0012623140341383,-3.702449366548986,4.1803222,4.0312672,4.158083286666667,14.09789825325705,1680.116200282937,15,4.1803222,4.0312672,-0.1490549999999997,1680.116200282937,15,0.8696973675357684,170.0,3.0439407863751895
78,0.0012362839757209,-3.695778138352344,4.1802435,4.0326843,4.158122633333333,14.062826852851988,1680.1002002838068,15,4.1802435,4.0326843,-0.1475591999999999,1680.1002002838068,15,0.8693168017914107,169.0,3.0426088062699375
79,0.001263414835522,-3.702879341159185,4.1803613,4.0313458,4.158219673333333,14.098995764214768,1680.09820028604,15,4.1803613,4.0313458,-0.1490154999999999,1680.09820028604,15,0.8690947938100273,168.0,3.0418317783350957
80,0.0012656301068126,-3.700235083835882,4.1802435,4.0310307,4.157991386666667,14.08583721722828,1680.0982002839446,15,4.1802435,4.0310307,-0.1492127999999999,1680.0982002839446,15,0.8686563336735414,167.0,3.040297167857395
81,0.0012616856222695,-3.703067442269334,4.1801648,4.0312276,4.1580175666666666,14.10078738201586,1680.094200283056,15,4.1801648,4.0312276,-0.1489371999999997,1680.094200283056,15,0.8683926946850203,166.0,3.039374431397571
82,0.0012620078370949,-3.701061642371337,4.1803222,4.0312672,4.158054426666667,14.090503443776264,1680.116200282937,15,4.1803222,4.0312672,-0.1490549999999997,1680.116200282937,15,0.8680120251332697,165.0,3.038042087966444
83,0.0012348818891249,-3.693816842272841,4.1804008,4.0328417000000005,4.1581907933333335,14.052940774660003,1680.110200283816,15,4.1804008,4.0328417000000005,-0.1475590999999996,1680.110200283816,15,0.8677866842452185,164.0,3.037253394858265
84,0.0012911052011871,-3.704752487517261,4.1801648,4.0295348,4.1578103,14.109296122544531,1680.0942002788652,15,4.1801648,4.0295348,-0.1506299999999996,1680.0942002788652,15,0.867332102206798,163.0,3.035662357723793
85,0.0012687167138212,-3.7012464473868234,4.1802435,4.0307946,4.157920546666666,14.091752430541092,1680.1102002870757,15,4.1802435,4.0307946,-0.1494488999999994,1680.1102002870757,15,0.8670573470434189,162.0,3.034700714651966
86,0.0012644247791368,-3.6988335137454857,4.1802826,4.0310702,4.15795724,14.078701936943556,1680.0982002837118,15,4.1802826,4.0310702,-0.1492123999999997,1680.0982002837118,15,0.8667493847295068,161.0,3.033622846553274
87,0.0012396564988111,-3.694873448423814,4.1802435,4.0324087,4.15800974,14.058350561239386,1680.1002002810128,15,4.1802435,4.0324087,-0.1478347999999991,1680.1002002810128,15,0.8663868271973826,160.0,3.032353895190839
88,0.0012379269600295,-3.697513080234855,4.180007,4.03233,4.1578680666666665,14.071898021345838,1680.10020028078,15,4.180007,4.03233,-0.1476769999999998,1680.10020028078,15,0.866050935245884,159.0,3.031178273360594
89,0.0012939687867698,-3.700051128156157,4.1802435,4.0293379,4.157710553333334,14.085054079555036,1680.116200286895,15,4.1802435,4.0293379,-0.1509055999999997,1680.116200286895,15,0.8657244512563557,158.0,3.0300355793972447
90,0.0012693499486774,-3.6993587509021486,4.1800857,4.0305977,4.1577367800000005,14.081531314348268,1680.0942002837546,15,4.1800857,4.0305977,-0.1494879999999998,1680.0942002837546,15,0.8653631794217361,157.0,3.0287711279760763
91,0.0012727924885455,-3.7027298621858007,4.179928299999999,4.030322099999999,4.157665946666667,14.099224521467914,1680.114200282842,15,4.179928299999999,4.030322099999999,-0.1496062,1680.114200282842,15,0.8650457312543792,156.0,3.0276600593903273
92,0.0012427963474069,-3.69444902811374,4.1800857,4.0321331,4.1578889466666675,14.056003400265514,1680.100200284971,15,4.1800857,4.0321331,-0.1479526,1680.100200284971,15,0.8647735736206831,155.0,3.026707507672391
93,0.0012737219780595,-3.6975817155402977,4.1800857,4.030283,4.157623966666666,14.072385739254646,1680.106200282229,15,4.1800857,4.030283,-0.1498027000000004,1680.106200282229,15,0.8644191774883357,154.0,3.025467121209175
94,0.0012436571781806,-3.695363377925138,4.1801252,4.032015299999999,4.1578233933333335,14.060844027770354,1680.0862002847716,15,4.1801252,4.032015299999999,-0.1481099000000005,1680.0862002847716,15,0.864168420415697,153.0,3.0245894714549393
95,0.0012435092754031,-3.695591856770715,4.179967899999999,4.0318575,4.15766072,14.062361557094516,1680.0922002808657,15,4.179967899999999,4.0318575,-0.1481103999999993,1680.0922002808657,15,0.8637731623435568,152.0,3.023206068202449
96,0.0012412265123095,-3.694276392085933,4.1800857,4.0321331,4.157807566666667,14.05493529033059,1680.0902002793737,15,4.1800857,4.0321331,-0.1479526,1680.0902002793737,15,0.8635696140828071,151.0,3.022493649289825
97,0.0012442392588055,-3.69659485039264,4.180007,4.0318575,4.157707846666666,14.06808048081476,1680.0922002810985,15,4.180007,4.0318575,-0.1481494999999997,1680.0922002810985,15,0.863180966662016,150.0,3.021133383317056
98,0.0012413333246255,-3.696126259013351,4.179928299999999,4.032015299999999,4.157713186666666,14.064911967557322,1680.0942002837546,15,4.179928299999999,4.032015299999999,-0.1479129999999999,1680.0942002837546,15,0.8629460705976789,149.0,3.0203112470918763
99,0.0012976220385621,-3.7002639017828343,4.1800857,4.0289049,4.157461193333334,14.086525715680416,1680.1182002881542,15,4.1800857,4.0289049,-0.1511808000000005,1680.1182002881542,15,0.8626278546756423,148.0,3.019197491364748
100,0.0012437319934306,-3.696873530997053,4.1800857,4.0319757,4.157802393333333,14.06907716132725,1680.094200283056,15,4.1800857,4.0319757,-0.1481099999999999,1680.094200283056,15,0.8623962067216955,147.0,3.0183867235259343
101,0.0012751170597755,-3.698284786698171,4.180007,4.0301251,4.1575425133333335,14.076049439346145,1680.106200281065,15,4.180007,4.0301251,-0.1498818999999995,1680.106200281065,15,0.8619792840844732,146.0,3.0169274942956563
103,0.001246716345876,-3.694334820235698,4.17981,4.0316215,4.157574019999999,14.055118659661296,1680.0982002809178,15,4.17981,4.0316215,-0.1481884999999998,1680.0982002809178,15,0.8616434284432354,144.0,3.015751999551324
104,0.0012479610516982,-3.6925698619616543,4.179967899999999,4.0315428,4.15754254,14.046775547561287,1680.0922002850566,15,4.179967899999999,4.0315428,-0.1484250999999989,1680.0922002850566,15,0.8613191091146613,143.0,3.0146168819013144
105,0.0012480340404138,-3.693027214995968,4.17981,4.0313854,4.157392933333334,14.049004673710698,1680.0902002800722,15,4.17981,4.0313854,-0.1484246000000002,1680.0902002800722,15,0.8608830745994152,142.0,3.013090761097953
106,0.0012777491450449,-3.697703062769257,4.179928299999999,4.0298891,4.157432306666666,14.072976316461304,1680.116200282937,15,4.179928299999999,4.0298891,-0.1500391999999992,1680.116200282937,15,0.8606072087573237,141.0,3.012125230650633
107,0.0012499773906454,-3.6951483030022128,4.1798892,4.0314245,4.15755046,14.06017275401478,1680.0722002806142,15,4.1798892,4.0314245,-0.1484646999999999,1680.0722002806142,15,0.8603395937255093,140.0,3.0111885780392824
108,0.0012507614555574,-3.6959769490670062,4.1797314,4.0311885,4.157361419999999,14.064164752066723,1680.0722002789844,15,4.1797314,4.0311885,-0.1485428999999998,1680.0722002789844,15,0.8599162123435949,139.0,3.009706743202582
109,0.0012481312430597,-3.693092888805541,4.179692299999999,4.0313458,4.15735886,14.049298166940131,1680.0722002841069,15,4.179692299999999,4.0313458,-0.1483464999999988,1680.0722002841069,15,0.8596015816053219,138.0,3.0086055356186265
110,0.0012504277065412,-3.6934319693874382,4.179692299999999,4.0313063,4.157437513333333,14.050358897697588,1680.0702002828475,15,4.179692299999999,4.0313063,-0.1483859999999994,1680.0702002828475,15,0.859346727406064,137.0,3.007713545921224
111,0.0012479296998792,-3.691377497467664,4.17981,4.0313854,4.157372006666667,14.04041252270282,1680.0702002800535,15,4.17981,4.0313854,-0.1484246000000002,1680.0702002800535,15,0.8589969863940441,136.0,3.0064894523791543
112,0.0012184068958352,-3.6878283675272017,4.179692299999999,4.0329599,4.157413933333333,14.021879666479268,1680.070200282149,15,4.179692299999999,4.0329599,-0.1467323999999994,1680.070200282149,15,0.858696699963029,135.0,3.0054384498706015
113,0.0012532205965926,-3.691212919791544,4.1797314,4.030952,4.157203946666667,14.039643272362104,1680.074200276751,15,4.1797314,4.030952,-0.1487793999999995,1680.074200276751,15,0.8583541991353929,134.0,3.004239696973875
114,0.0012518199686998,-3.6909950119381176,4.17981,4.0311885,4.157366653333333,14.037655122266433,1680.0722002817784,15,4.17981,4.0311885,-0.1486214999999999,1680.0722002817784,15,0.8581551198772315,133.0,3.00354291957031
115,0.0012537623764952,-3.6926885485672463,4.17981,4.0309916,4.157285333333333,14.047648985050238,1680.0742002800107,15,4.17981,4.0309916,-0.1488183999999996,1680.0742002800107,15,0.857844424834255,132.0,3.0024554869198927
116,0.0012526739015742,-3.692974675005331,4.1797314,4.0309916,4.1572328,14.048837967068796,1680.0722002827097,15,4.1797314,4.0309916,-0.1487397999999995,1680.0722002827097,15,0.8575512896552195,131.0,3.0014295137932683
117,0.0012842845867749,-3.694930301028916,4.1796136,4.029101799999999,4.156944173333333,14.058611867010896,1680.102200285066,15,4.1796136,4.029101799999999,-0.1505118000000003,1680.102200285066,15,0.8571781118631417,130.0,3.000123391520996
118,0.0012536852290188,-3.6928316905990113,4.179574,4.030755,4.157046480000001,14.04858925261862,1680.098200280685,15,4.179574,4.030755,-0.1488189999999996,1680.098200280685,15,0.8568981297943015,129.0,2.999143454280055
119,0.0012554653870895,-3.690610033697869,4.1796527,4.0307159,4.157075366666667,14.036672029358169,1680.0942002839874,15,4.1796527,4.0307159,-0.1489368000000004,1680.0942002839874,15,0.8566319351335421,128.0,2.998211772967397
120,0.0012532754312468,-3.69285538736994,4.1795344,4.0308342,4.15710424,14.047961682168909,1680.0902002814692,15,4.1795344,4.0308342,-0.1487001999999995,1680.0902002814692,15,0.8563956358532527,127.0,2.997384725486385
121,0.0012840700313092,-3.695208324599614,4.179574,4.029101799999999,4.156936206666667,14.06007329747712,1680.1042002830654,15,4.179574,4.029101799999999,-0.1504722000000002,1680.1042002830654,15,0.8560727243939504,126.0,2.9962545353788266
122,0.0012534804265092,-3.690658436824501,4.1796136,4.0308342,4.157093793333334,14.036633992664438,1680.0922002810985,15,4.1796136,4.0308342,-0.1487793999999995,1680.0922002810985,15,0.8558399543015641,125.0,2.9954398400554743
123,0.0012524413100612,-3.692589123413166,4.1794953,4.0308342,4.157059646666666,14.046549659433094,1680.090200284496,15,4.1794953,4.0308342,-0.1486611,1680.090200284496,15,0.8555376105975243,124.0,2.994381637091335
124,0.0012548096526378,-3.690630935862969,4.1794953,4.0306764,4.157001806666666,14.035864791780677,1680.0962002824526,15,4.1794953,4.0306764,-0.1488189000000002,1680.0962002824526,15,0.8552523801642326,123.0,2.993383330574814
125,0.0012552475821935,-3.6911813385972785,4.179692299999999,4.030755,4.1571094933333335,14.040040292933584,1680.0942002839874,15,4.179692299999999,4.030755,-0.1489372999999991,1680.0942002839874,15,0.8550182146839346,122.0,2.992563751393771
126,0.0012586129099517,-3.6888281271857295,4.1795344,4.0303617,4.15686282,14.027668379009524,1680.0862002791837,15,4.1795344,4.0303617,-0.1491726999999993,1680.0862002791837,15,0.8545905971937774,121.0,2.991067090178221
127,0.001259098710362,-3.6893778834223543,4.1794953,4.0303617,4.156891693333334,14.029937420186474,1680.08820028021,15,4.1794953,4.0303617,-0.1491335999999998,1680.08820028021,15,0.8543530686298677,120.0,2.990235740204537
128,0.0012586106620263,-3.6896920014315655,4.1795344,4.0304403,4.156949393333333,14.032031306337224,1680.096200285945,15,4.1795344,4.0304403,-0.1490940999999992,1680.096200285945,15,0.8541148469635106,119.0,2.989401964372287
129,0.0012886435990781,-3.693702071632265,4.1796136,4.0288653,4.156912566666667,14.052174254638022,1680.1122002860066,15,4.1796136,4.0288653,-0.1507483,1680.1122002860066,15,0.8539038220407057,118.0,2.98866337714247
130,0.0012592591498268,-3.689554050776452,4.179574,4.030322099999999,4.15686276,14.031571353988632,1680.0902002805378,15,4.179574,4.030322099999999,-0.1492519000000003,1680.0902002805378,15,0.8535417882262213,117.0,2.9873962587917746
131,0.0012912395131863,-3.691704011413485,4.1795344,4.028511,4.156668493333333,14.042238491409712,1680.0942002795637,15,4.1795344,4.028511,-0.1510233999999997,1680.0942002795637,15,0.8532196908694505,116.0,2.9862689180430766
132,0.0012592905637002,-3.688064627685293,4.1794953,4.030283,4.15681028,14.02325766535823,1680.0942002814263,15,4.1794953,4.030283,-0.1492123000000003,1680.0942002814263,15,0.8530291304828568,115.0,2.9856019566899987
133,0.0012576185110738,-3.689271399359935,4.1792984,4.030322099999999,4.156776166666666,14.029001457890448,1680.086200282909,15,4.1792984,4.030322099999999,-0.148976300000001,1680.086200282909,15,0.8527079044625027,114.0,2.9844776656187593
134,0.0012604262120963,-3.6860599703771904,4.179692299999999,4.030283,4.156849673333333,14.013924766899596,1680.1062002805993,15,4.179692299999999,4.030283,-0.1494092999999994,1680.1062002805993,15,0.8524584603471066,113.0,2.983604611214873
135,0.0012906353536111,-3.692083168826522,4.1794167,4.0284324,4.1565635400000005,14.044191625260025,1680.0902002826333,15,4.1794167,4.0284324,-0.1509843000000001,1680.0902002826333,15,0.8520798025868058,112.0,2.9822793090538204
136,0.0012894514346611,-3.6922796445733232,4.1794167,4.0285897,4.15666326,14.04470309825494,1680.0922002836596,15,4.1794167,4.0285897,-0.1508269999999996,1680.0922002836596,15,0.8518638960847978,111.0,2.9815236362967923
137,0.0012618106252206,-3.688376834302875,4.1792197,4.0299678,4.156623926666667,14.02436968284902,1680.0746981466657,15,4.1792197,4.0299678,-0.1492519000000003,1680.0746981466657,15,0.8514873198830832,110.0,2.9802056195907913
138,0.001262252480538,-3.691984809698387,4.1792197,4.0299287,4.156642366666667,14.043800703478084,1680.0806981357746,15,4.1792197,4.0299287,-0.1492909999999998,1680.0806981357746,15,0.8512463282755921,109.0,2.9793621489645723
139,0.001263833740732,-3.686953143152017,4.1794558,4.0298495,4.1565950733333334,14.018144209425252,1680.0866980920546,15,4.1794558,4.0298495,-0.1496063000000003,1680.0866980920546,15,0.8509263708400372,108.0,2.97824229794013
140,0.0012925404383649,-3.69216673098526,4.179141,4.0282354,4.156461226666667,14.04410543244954,1680.0786981876008,15,4.179141,4.0282354,-0.1509056000000006,1680.0786981876008,15,0.850677565987491,107.0,2.9773714809562186
141,0.0012644206966702,-3.68950428945548,4.1791801,4.0297709,4.156568780000001,14.030277279999543,1680.1026981659234,15,4.1791801,4.0297709,-0.1494092,1680.1026981659234,15,0.8505240457092091,106.0,2.976834159982232
142,0.0012643088810406,-3.688910267231072,4.179022799999999,4.0294952,4.1562827066666665,14.027877373388336,1680.0906982081942,15,4.179022799999999,4.0294952,-0.1495275999999989,1680.0906982081942,15,0.8499425049395074,105.0,2.974798767288276
143,0.0012611995814252,-3.6862474059156383,4.1793771,4.0299678,4.156574066666668,14.014168485855372,1680.0846981001089,15,4.1793771,4.0299678,-0.1494093000000003,1680.0846981001089,15,0.8498934185142687,104.0,2.9746269647999406
144,0.0012657599723368,-3.685176687714397,4.1792197,4.0296135,4.1564375600000005,14.008101311414006,1680.1086982218549,15,4.1792197,4.0296135,-0.1496062,1680.1086982218549,15,0.8494916585030301,103.0,2.9732208047606052
145,0.0012952840813809,-3.693336947257969,4.179141,4.0279994,4.156372033333333,14.049866593048634,1680.108698159922,15,4.179141,4.0279994,-0.1511416000000007,1680.108698159922,15,0.8492882838176624,102.0,2.9725089933618185
146,0.0012950943768478,-3.6906631822188674,4.1791801,4.0279207,4.156259093333334,14.036684295150431,1680.1046982198022,15,4.1791801,4.0279207,-0.1512593999999998,1680.1046982198022,15,0.8489960938243265,101.0,2.9714863283851427
147,0.0012976091017083,-3.6905290272333473,4.179141,4.0278025,4.156264313333334,14.036090292128122,1680.10669806879,15,4.179141,4.0278025,-0.1513385000000005,1680.10669806879,15,0.8486765328312957,100.0,2.970367864909535
148,0.0012640687490126,-3.6860901258346854,4.1791801,4.0296922,4.156440153333333,14.012778209152764,1680.1066980590113,15,4.1791801,4.0296922,-0.1494878999999995,1680.1066980590113,15,0.8484931177671603,99.0,2.969725912185061
149,0.0012958457962412,-3.6897952760859623,4.179141,4.027842,4.1562092533333335,14.032183157659423,1680.1066981139593,15,4.179141,4.027842,-0.1512990000000007,1680.1066981139593,15,0.8481367904390271,98.0,2.968478766536595
150,0.0012680476948283,-3.6850182088116608,4.179022799999999,4.029298799999999,4.156235486666667,14.006979747668137,1680.0866981982251,15,4.179022799999999,4.029298799999999,-0.1497239999999999,1680.0866981982251,15,0.8478143354067847,97.0,2.9673501739237467
151,0.0012979591726106,-3.689565517387034,4.179141,4.0277634,4.156232873333333,14.030849400678177,1680.1086981450208,15,4.179141,4.0277634,-0.1513776,1680.1086981450208,15,0.8475818499532648,96.0,2.9665364748364267
152,0.0012666143831541,-3.6831762994450705,4.179062399999999,4.0293775,4.156225013333333,13.997570367563682,1680.0886982548982,15,4.179062399999999,4.0293775,-0.1496848999999995,1680.0886982548982,15,0.8472279317531616,95.0,2.965297761136066
154,0.0013019642100112,-3.686828577857848,4.1789441,4.027290799999999,4.155931053333334,14.01610890152718,1680.1286982409656,15,4.1789441,4.027290799999999,-0.1516533000000004,1680.1286982409656,15,0.8470048705168421,93.0,2.9645170468089477
155,0.0012721218427614,-3.683044693236994,4.1792197,4.0290232,4.1561462,13.997855441503187,1680.1106981229968,15,4.1792197,4.0290232,-0.1501964999999998,1680.1106981229968,15,0.8466674589880566,92.0,2.9633361064581982
156,0.0013014594164652,-3.689087381997303,4.1789441,4.0273695,4.1560071333333335,14.028134458791694,1680.102698083967,15,4.1789441,4.0273695,-0.1515746,1680.102698083967,15,0.8462889602447221,91.0,2.9620113608565273
157,0.0012732930169268,-3.681157882616856,4.179062399999999,4.0288653,4.15602814,13.987601347664278,1680.1026982441545,15,4.179062399999999,4.0288653,-0.1501970999999997,1680.1026982441545,15,0.8458961716531037,90.0,2.960636600785863
158,0.0013036534811055,-3.6879226991781726,4.1789045,4.027133,4.155868013333333,14.022301460292413,1680.1026982124897,15,4.1789045,4.027133,-0.1517714999999997,1680.1026982124897,15,0.8455608305371872,89.0,2.9594629068801552
159,0.0012752845825545,-3.682484673151549,4.179062399999999,4.0287867,4.15606228,13.994918636682703,1680.1026980690658,15,4.179062399999999,4.0287867,-0.150275699999999,1680.1026980690658,15,0.8453067109366084,88.0,2.9585734882781294
160,0.0012725893809752,-3.680206977940305,4.179022799999999,4.0288653,4.155983533333334,13.982432442089106,1680.1026980648749,15,4.179022799999999,4.0288653,-0.1501574999999997,1680.1026980648749,15,0.8449656666123743,87.0,2.95737983314331
161,0.0012752724162349,-3.679103072875539,4.179022799999999,4.0287476,4.155988793333333,13.976411020792389,1680.1026981309988,15,4.179022799999999,4.0287476,-0.1502751999999994,1680.1026981309988,15,0.8446877793829051,86.0,2.9564072278401676
162,0.0012751211330435,-3.6795767021284744,4.179062399999999,4.028708,4.155946793333333,13.979334037302465,1680.0966981980018,15,4.179062399999999,4.028708,-0.1503543999999994,1680.0966981980018,15,0.8442984698511525,85.0,2.9550446444790337
163,0.0013346988201178,-3.686239713268033,4.1789441,4.0254402,4.1556816733333335,14.012942893982078,1680.1066982341,15,4.1789441,4.0254402,-0.1535038999999995,1680.1066982341,15,0.8439623014122176,84.0,2.953868054942762
164,0.0012773639814383,-3.683572703490187,4.1789837,4.0285897,4.155978246666667,13.999723986519085,1680.0886982311497,15,4.1789837,4.0285897,-0.1503939999999994,1680.0886982311497,15,0.8437146194663383,83.0,2.953001168132184
165,0.0013095770448563,-3.686830278126817,4.178786799999999,4.0267396,4.1557551933333325,14.015950147827729,1680.102698098868,15,4.178786799999999,4.0267396,-0.1520471999999992,1680.102698098868,15,0.8433464995915486,82.0,2.95171274857042
166,0.0013065163495774,-3.6861964962867257,4.1788259,4.026897,4.15575518,14.012400260988665,1680.1046981192194,15,4.1788259,4.026897,-0.1519288999999997,1680.1046981192194,15,0.8430220763673429,81.0,2.9505772672857
167,0.0012767971743054,-3.684063030691229,4.1788259,4.0285506,4.15591534,14.00207061059363,1680.084698158782,15,4.1788259,4.0285506,-0.1502752999999996,1680.084698158782,15,0.8427235701832219,80.0,2.9495324956412765
168,0.0012772090859783,-3.68197760686861,4.1787472,4.0284719,4.1558365466666665,13.990796738240247,1680.086698249448,15,4.1787472,4.0284719,-0.1502752999999996,1680.086698249448,15,0.8422633166455465,79.0,2.947921608259413
169,0.001278658896914,-3.68289446949578,4.1789441,4.028511,4.155957240000001,13.995946241853886,1680.1066982452758,15,4.1789441,4.028511,-0.1504330999999998,1680.1066982452758,15,0.8419673442101862,78.0,2.9468857047356516
170,0.0012794526919657,-3.682941236417417,4.1787081,4.0283141,4.1557998000000005,13.995786670925645,1680.086698143277,15,4.1787081,4.0283141,-0.1503939999999994,1680.086698143277,15,0.8414610561597454,77.0,2.945113696559109
171,0.0012796474590283,-3.6835333612635064,4.1785898,4.028275,4.155776146666667,13.998852541047434,1680.102698130533,15,4.1785898,4.028275,-0.1503148000000003,1680.102698130533,15,0.8409776080714443,76.0,2.943421628250055
172,0.0012796525101892,-3.683733276925309,4.1788259,4.0283537,4.155857506666667,14.00029562483764,1680.096698177047,15,4.1788259,4.0283537,-0.1504721999999994,1680.096698177047,15,0.8405108611624972,75.0,2.94178801406874
173,0.0012814892407192,-3.682648510205345,4.1788259,4.028275,4.155860106666667,13.994817790596606,1680.0866982066073,15,4.1788259,4.028275,-0.1505508999999998,1680.0866982066073,15,0.8400534514221772,74.0,2.9401870799776204
174,0.0012822232866578,-3.68248318155446,4.178786799999999,4.0281568,4.155776193333334,13.993530447780596,1680.1066981283948,15,4.178786799999999,4.0281568,-0.1506299999999996,1680.1066981283948,15,0.8394708517235948,73.0,2.9381479810325817
175,0.0012811490516595,-3.684506606270405,4.1788259,4.028275,4.1558601333333325,14.003855318114098,1680.090698255226,15,4.1788259,4.028275,-0.1505508999999998,1680.090698255226,15,0.8390182440258024,72.0,2.9365638540903083
176,0.0013138354203963,-3.6859985318830137,4.1788654,4.0264244,4.155642293333333,14.012248142782234,1680.104698061943,15,4.1788654,4.0264244,-0.1524410000000005,1680.104698061943,15,0.8384255618723261,71.0,2.934489466553141
177,0.0012831425290349,-3.6826010959569,4.1786685,4.0280385,4.155705226666667,13.994444446920756,1680.0886982418597,15,4.1786685,4.0280385,-0.1506299999999996,1680.0886982418597,15,0.8378574739148917,70.0,2.932501158702121
178,0.0013431091958635,-3.6891370342201255,4.178786799999999,4.0248103,4.1554900266666674,14.028032866651902,1680.1286981548185,15,4.178786799999999,4.0248103,-0.1539764999999988,1680.1286981548185,15,0.8372350321456087,69.0,2.9303226125096304
179,0.0013454541082278,-3.690868803926169,4.1787081,4.024653,4.155463826666666,14.03702128734258,1680.1046982030384,15,4.1787081,4.024653,-0.1540550999999999,1680.1046982030384,15,0.8366630733908046,68.0,2.928320756867816
180,0.0013184842044011,-3.684964208584929,4.1786294,4.026031,4.1554664599999995,14.006291098422942,1680.1006981460378,15,4.1786294,4.026031,-0.1525984000000004,1680.1006981460378,15,0.8360132116846095,67.0,2.926046240896133
181,0.0013465889590797,-3.6913266859387384,4.1786685,4.0244956,4.15536674,14.03986091579819,1680.1226982288065,15,4.1786685,4.0244956,-0.1541728999999998,1680.1226982288065,15,0.8354314532927202,66.0,2.9240100865245204
182,0.0012897250062645,-3.683475028827076,4.178511100000001,4.0274482,4.15545072,13.999219162785462,1680.0966982478276,15,4.178511100000001,4.0274482,-0.1510629000000003,1680.0966982478276,15,0.8346715427249575,65.0,2.921350399537351
183,0.0013209007384449,-3.685721336431829,4.1785898,4.0258341,4.155395573333334,14.010289853081732,1680.1326981228776,15,4.1785898,4.0258341,-0.1527557000000001,1680.1326981228776,15,0.8340700551126925,64.0,2.9192451928944236
184,0.001321726111768,-3.684789196358425,4.1785898,4.0257554,4.155348366666667,14.00553067634342,1680.1046981550753,15,4.1785898,4.0257554,-0.1528343999999997,1680.1046981550753,15,0.8334353838906715,63.0,2.91702384361735
185,0.0013520585215697,-3.689466733362635,4.1785502,4.0240622,4.15518036,14.030107628375742,1680.1166981761344,15,4.1785502,4.0240622,-0.1544879999999997,1680.1166981761344,15,0.8326390941717431,62.0,2.914236829601101
186,0.0013513061185278,-3.6910336052646886,4.1784325,4.0240231,4.155119973333333,14.03805819265732,1680.1266980459914,15,4.1784325,4.0240231,-0.1544094000000004,1680.1266980459914,15,0.8320312866354708,61.0,2.9121095032241477
187,0.0012930664283092,-3.6796818130832216,4.1784325,4.0271726,4.155303726666667,13.979210043606788,1680.096698248759,15,4.1784325,4.0271726,-0.1512599000000003,1680.096698248759,15,0.8313605584670682,60.0,2.909761954634739
188,0.0013268120639641,-3.684544888857064,4.1782746,4.0251255,4.154965146666667,14.004266012740842,1680.118698101025,15,4.1782746,4.0251255,-0.1531491000000002,1680.118698101025,15,0.8305918110386825,59.0,2.907071338635389
189,0.0013290144010954,-3.685297145316757,4.178511100000001,4.0252042,4.155159360000001,14.008474865287724,1680.1306980284862,15,4.178511100000001,4.0252042,-0.1533069000000004,1680.1306980284862,15,0.8301188886974115,58.0,2.90541611044094
190,0.0013280407270355,-3.683511905097411,4.1784716,4.0251646,4.155054453333333,13.999083423813053,1680.1066981218755,15,4.1784716,4.0251646,-0.1533069999999998,1680.1066981218755,15,0.8295216251597763,57.0,2.9033256880592173
191,0.0012979636927055,-3.6804229929793184,4.1783929,4.0267787,4.1551593533333335,13.9830319461871,1680.1066980659962,15,4.1783929,4.0267787,-0.1516142,1680.1066980659962,15,0.8288175066786801,56.0,2.9008612733753805
192,0.0013595220470735,-3.693501464476868,4.1782355,4.0233932,4.154912706666667,14.051071057429567,1680.1206981041469,15,4.1782355,4.0233932,-0.1548423000000003,1680.1206981041469,15,0.8281357904719278,55.0,2.8984752666517473
193,0.0013587136082498,-3.690135726612668,4.178156899999999,4.0233536,4.154799753333333,14.03293125939222,1680.1346980910748,15,4.178156899999999,4.0233536,-0.1548032999999993,1680.1346980910748,15,0.8275311490961371,54.0,2.89635902183648
194,0.0013034723516692,-3.678333739597921,4.178117299999999,4.0261884,4.154820706666667,13.972042938482556,1680.1006982508115,15,4.178117299999999,4.0261884,-0.1519288999999997,1680.1006982508115,15,0.8267745965352963,53.0,2.893711087873537
195,0.0013043812513306,-3.680499695961215,4.178156899999999,4.0262275,4.154925793333333,13.98336260394947,1680.102698143106,15,4.178156899999999,4.0262275,-0.1519293999999993,1680.102698143106,15,0.8262910191915848,52.0,2.8920185671705467
196,0.0013356521888874,-3.6867981374702192,4.1782355,4.0246134,4.15490738,14.016236543271775,1680.122698172927,15,4.1782355,4.0246134,-0.1536221000000006,1680.122698172927,15,0.8257486904761908,51.0,2.890120416666668
197,0.0013356647417863,-3.681900536394752,4.178196,4.024456,4.154702626666667,13.99090835194022,1680.1266981107185,15,4.178196,4.024456,-0.15374,1680.1266981107185,15,0.8250595079317409,50.0,2.887708277761093
198,0.0013342074100012,-3.684026160011196,4.1782746,4.0246134,4.154810213333333,14.002230992374134,1680.108698062133,15,4.1782746,4.0246134,-0.1536612000000001,1680.108698062133,15,0.8245416372970923,49.0,2.885895730539823
199,0.0013049701530354,-3.680162597788314,4.178196,4.0261884,4.15491264,13.981733603100054,1680.1046981220134,15,4.178196,4.0261884,-0.1520076000000001,1680.1046981220134,15,0.823949852591688,48.0,2.883824484070908
200,0.0013669469766449,-3.68972243638992,4.1780782,4.0228024,4.154642273333334,14.03090405335116,1680.1326982080936,15,4.1780782,4.0228024,-0.1552758,1680.1326982080936,15,0.8233185906542585,47.0,2.881615067289905
201,0.0013731750285099,-3.684442508286923,4.1782746,4.0223303,4.1544192,14.004623322389511,1680.120698034763,15,4.1782746,4.0223303,-0.1559442999999998,1680.120698034763,15,0.8226873761611786,46.0,2.879405816564125
202,0.0013675054915155,-3.6864582189874464,4.1780386,4.022645,4.154479553333333,14.014070262028037,1680.1266982033849,15,4.1780386,4.022645,-0.1553936,1680.1266982033849,15,0.8221976369990857,45.0,2.8776917294968
203,0.0013113098628702,-3.676919299858615,4.178117299999999,4.0256767,4.1546816799999995,13.964930484185205,1680.1026980644092,15,4.178117299999999,4.0256767,-0.1524405999999993,1680.1026980644092,15,0.821728214915713,44.0,2.8760487522049956
205,0.0013428939572545,-3.683314541011613,4.177999,4.0239444,4.15455568,13.997348427072158,1680.102698184084,15,4.177999,4.0239444,-0.1540545999999993,1680.102698184084,15,0.8213731039571318,42.0,2.874805863849961
206,0.0013475110884912,-3.680488440559856,4.178117299999999,4.0236292,4.154437586666666,13.983160383244154,1680.1206980934369,15,4.178117299999999,4.0236292,-0.1544880999999991,1680.1206980934369,15,0.8204591236981109,41.0,2.871606932943388
207,0.0013737704992892,-3.685130050226644,4.1779203,4.0221334,4.154256406666667,14.007206452003018,1680.120698034763,15,4.1779203,4.0221334,-0.1557868999999998,1680.120698034763,15,0.8196666065743194,40.0,2.868833123010118
208,0.0013479822951949,-3.683249320490625,4.1778417,4.0234323,4.154290526666667,13.997280519649156,1680.0986981065944,15,4.1778417,4.0234323,-0.1544094000000004,1680.0986981065944,15,0.8190277356894844,39.0,2.8665970749131953
209,0.0013791132550531,-3.686705024799551,4.177881200000001,4.0217791,4.1541751200000006,14.015810730137332,1680.1206980720162,15,4.177881200000001,4.0217791,-0.1561021000000009,1680.1206980720162,15,0.8185303514848786,38.0,2.8648562301970752
210,0.0013502333246155,-3.683484778447593,4.1779203,4.0233536,4.154324686666667,13.999427553489085,1680.104698061943,15,4.1779203,4.0233536,-0.1545667000000001,1680.104698061943,15,0.8180822817945115,37.0,2.86328798628079
211,0.0013166791305226,-3.678121817640501,4.1779599,4.0252433,4.154524146666668,13.97135074666026,1680.100698090624,15,4.1779599,4.0252433,-0.1527166000000006,1680.100698090624,15,0.8176755235277932,36.0,2.861864332347276
212,0.0013807981080781,-3.687938816838249,4.1779203,4.0217791,4.154266966666667,14.021318216972084,1680.1066981153565,15,4.1779203,4.0217791,-0.1561412000000004,1680.1066981153565,15,0.8172127948995932,35.0,2.8602447821485764
213,0.0013208469118854,-3.676818308728518,4.1779203,4.024889,4.154361440000001,13.964544848559818,1680.0826982408762,15,4.1779203,4.024889,-0.1530313000000003,1680.0826982408762,15,0.8167082849621001,34.0,2.8584789973673503
214,0.0013529797793838,-3.6790713617753257,4.1778417,4.0229993,4.1540596333333335,13.976378331886298,1680.1086981031112,15,4.1778417,4.0229993,-0.1548423999999997,1680.1086981031112,15,0.8161957734011891,33.0,2.856685206904162
215,0.001352692808028,-3.682681978019703,4.1776447,4.0230389,4.154119966666667,13.994312152743715,1680.100698210765,15,4.1776447,4.0230389,-0.1546057999999996,1680.100698210765,15,0.8157912066527159,32.0,2.8552692232845054
216,0.0013583053699223,-3.680112571515774,4.1778417,4.0227633,4.1540911666666664,13.981417097693091,1680.100698240101,15,4.1778417,4.0227633,-0.1550783999999998,1680.100698240101,15,0.8154603031753398,31.0,2.8541110611136893
217,0.0013831541569659,-3.682903787901676,4.1776447,4.021306500000001,4.15385748,13.995473235001931,1680.1286981045268,15,4.1776447,4.021306500000001,-0.1563381999999995,1680.1286981045268,15,0.8149798939415538,30.0,2.8524296287954383
218,0.001387251602122,-3.683519335563711,4.1778026,4.0211883,4.153941573333333,13.998659400617504,1680.120698052924,15,4.1778026,4.0211883,-0.1566142999999993,1680.120698052924,15,0.8145844599652785,29.0,2.851045609878475
219,0.0013867355447412,-3.685622862197915,4.1776843,4.0211096,4.1538601533333335,14.010204802553057,1680.116698146332,15,4.1776843,4.0211096,-0.1565747000000001,1680.116698146332,15,0.8142625677807622,28.0,2.849918987232668
220,0.0013594748169023,-3.678380624072106,4.177605600000001,4.022409,4.153776166666666,13.972426219814402,1680.1186981895007,15,4.177605600000001,4.022409,-0.1551966000000009,1680.1186981895007,15,0.8139138893189257,27.0,2.84869861261624
221,0.001386930365944,-3.684724910452993,4.177881200000001,4.021306500000001,4.154057013333333,14.00526727683646,1680.13069817191,15,4.177881200000001,4.021306500000001,-0.1565747000000001,1680.13069817191,15,0.8140320093077261,26.0,2.849112032577042
222,0.001358147694458,-3.67794193627261,4.1778417,4.0226846,4.153983566666667,13.97034349799442,1680.122698225081,15,4.1778417,4.0226846,-0.1551571000000002,1680.122698225081,15,0.8136809919788174,25.0,2.847883471925861
223,0.0013867401889592,-3.6825939189829255,4.1776447,4.0211096,4.153828606666667,13.99346300203906,1680.12669806974,15,4.1776447,4.0211096,-0.1565351000000001,1680.12669806974,15,0.8132795141339598,24.0,2.8464782994688593
224,0.0013916028990797,-3.6823187266472033,4.1776447,4.0207949,4.153744659999999,13.992727912908304,1680.120698045008,15,4.1776447,4.0207949,-0.1568497999999998,1680.120698045008,15,0.8128651564742214,23.0,2.845028047659775
225,0.0013908958302892,-3.681851321848181,4.1777239,4.0209126,4.1538234066666675,13.989986986554284,1680.122698084917,15,4.1777239,4.0209126,-0.1568113000000002,1680.122698084917,15,0.8125674251251326,22.0,2.843985987937964
226,0.0013604402294698,-3.6787186934659024,4.1776447,4.022409,4.1538260466666665,13.97408931821101,1680.1206980906427,15,4.1776447,4.022409,-0.1552357000000004,1680.1206980906427,15,0.812233704751519,21.0,2.8428179666303164
227,0.0013612421114412,-3.6787610385856704,4.177605600000001,4.0223303,4.153786686666667,13.974452156225418,1680.1186980409548,15,4.177605600000001,4.0223303,-0.1552753000000004,1680.1186980409548,15,0.8119289018986783,20.0,2.841751156645374
228,0.0013922969549355,-3.6819512099650886,4.1776843,4.0207949,4.153773586666667,13.990457845847745,1680.1266980250366,15,4.1776843,4.0207949,-0.1568893999999998,1680.1266980250366,15,0.8116208683430983,19.0,2.840673039200844
229,0.001331229379992,-3.673309895651809,4.177527,4.0239048,4.153849673333334,13.945648296207931,1680.088698123116,15,4.177527,4.0239048,-0.1536222,1680.088698123116,15,0.8111934539853838,18.0,2.8391770889488432
230,0.0013316987482642,-3.6720287674451657,4.1774483,4.0238657,4.153820799999999,13.938922625940044,1680.090698086191,15,4.1774483,4.0238657,-0.1535826,1680.090698086191,15,0.8108083566209778,17.0,2.8378292481734224
231,0.001333659815572,-3.670308764412608,4.1776447,4.0238261,4.153860193333334,13.930205314213726,1680.0866980850697,15,4.1776447,4.0238261,-0.1538186000000001,1680.0866980850697,15,0.8105087995970516,16.0,2.8367807985896807
232,0.0013352314956755,-3.672307712581973,4.1776447,4.0237079,4.153839153333332,13.941219176010009,1680.0866981227882,15,4.1776447,4.0237079,-0.1539368000000003,1680.0866981227882,15,0.8101979876411368,15.0,2.835692956743979
233,0.0013333965608223,-3.671604948613656,4.1774087,4.0235505,4.153584533333333,13.93698674022221,1680.088698218111,15,4.1774087,4.0235505,-0.1538582000000001,1680.088698218111,15,0.8096860921678527,14.0,2.8339013225874843
234,0.0013357356321521,-3.6723129499149207,4.1774874,4.0235505,4.153705273333333,13.940470315663976,1680.0966981966048,15,4.1774874,4.0235505,-0.1539369000000006,1680.0966981966048,15,0.8093596825495257,13.0,2.83275888892334
235,0.0013378817539463,-3.671251033109894,4.1774874,4.0233932,4.153642306666667,13.935170555338336,1680.0886981151998,15,4.1774874,4.0233932,-0.1540942000000003,1680.0886981151998,15,0.8088730168763563,12.0,2.831055559067247
236,0.0013379751598882,-3.670041472274325,4.1775661,4.0233932,4.15363446,13.92859639111254,1680.078698166646,15,4.1775661,4.0233932,-0.1541728999999998,1680.078698166646,15,0.8085027528605534,11.0,2.829759635011937
237,0.0013415330180669,-3.671991793239875,4.1774087,4.0232358,4.153668586666667,13.938114755271991,1680.0926981051452,15,4.1774087,4.0232358,-0.1541728999999998,1680.0926981051452,15,0.8080365201712078,10.0,2.828127820599227
238,0.0013737152606949,-3.674126129267316,4.1775661,4.0214639,4.153474326666666,13.949985994463738,1680.0946982302703,15,4.1775661,4.0214639,-0.1561022000000003,1680.0946982302703,15,0.8075196636021984,9.0,2.8263188226076945
239,0.0013412744463926,-3.6681663514105423,4.177527,4.0232358,4.153618746666667,13.918621231934388,1680.0866981511936,15,4.177527,4.0232358,-0.1542912000000003,1680.0866981511936,15,0.8071570696663803,8.0,2.825049743832331
240,0.0013433517474235,-3.665030504333457,4.1775661,4.0230389,4.1534927066666665,13.903028030650791,1680.0806982405484,15,4.1775661,4.0230389,-0.1545271999999995,1680.0806982405484,15,0.8065819696697902,7.0,2.823036893844266
241,0.0013438442304211,-3.6687896081901346,4.1773691,4.0229993,4.15351366,13.922104982391108,1680.0826980988495,15,4.1773691,4.0229993,-0.1543697999999995,1680.0826980988495,15,0.8060402699771353,6.0,2.8211409449199736
242,0.0013461926955592,-3.6664980818192054,4.1774087,4.0228024,4.153408706666666,13.91069073845589,1680.0826981705611,15,4.1774087,4.0228024,-0.1546063000000002,1680.0826981705611,15,0.805411927591999,5.0,2.8189417465719964
243,0.0013484095266363,-3.668667213857517,4.1772513,4.0226059,4.153340493333333,13.921439335169044,1680.0866982121952,15,4.1772513,4.0226059,-0.1546453999999997,1680.0866982121952,15,0.8049117233308142,4.0,2.8171910316578495
244,0.0013497925777952,-3.668893670434031,4.1772513,4.0225267,4.153329933333334,13.92219524913055,1680.09069824405,15,4.1772513,4.0225267,-0.1547245999999997,1680.09069824405,15,0.8042893863565302,3.0,2.8150128522478557
245,0.0013518916176817,-3.666462231683748,4.1772513,4.0222907,4.15317248,13.910284452525604,1680.0886981515214,15,4.1772513,4.0222907,-0.1549605999999999,1680.0886981515214,15,0.8036952480358696,2.0,2.8129333681255435
246,0.0013864929500326,-3.67029176761244,4.1774483,4.0205193,4.1531043133333325,13.930457890840836,1680.1086980742402,15,4.1774483,4.0205193,-0.1569289999999998,1680.1086980742402,15,0.803035298331938,1.0,2.810623544161783
247,0.0014169962790292,-3.67604165537062,4.1771727,4.018826,4.152917893333333,13.958932503633587,1680.0886981538497,15,4.1771727,4.018826,-0.1583467,1680.0886981538497,15,0.8023130330872934,0.0,2.808095615805527
248,0.0013552441329863,-3.6671454753228425,4.17733,4.022212000000001,4.153261726666667,13.91313208816391,1680.0826981225982,15,4.17733,4.022212000000001,-0.1551179999999998,1680.0826981225982,15,0.8017685058005869,-1.0,2.806189770302054
249,0.001392016256232,-3.672131674006806,4.1772904,4.0202041,4.1530702066666665,13.939132204959336,1680.0866981302388,15,4.1772904,4.0202041,-0.1570863000000004,1680.0866981302388,15,0.801182341113824,-2.0,2.804138193898384
250,0.001395411552282,-3.672260409988818,4.176936100000001,4.0196528,4.152681693333332,13.939523097119611,1680.1046981588006,15,4.176936100000001,4.0196528,-0.1572833000000004,1680.1046981588006,15,0.8002979846620786,-3.0,2.801042946317275
251,0.0013582844720717,-3.664369853940749,4.177211799999999,4.0218182,4.152988779999999,13.89978428746958,1680.1086980546825,15,4.177211799999999,4.0218182,-0.1553935999999991,1680.1086980546825,15,0.7997136553639627,-4.0,2.7989977937738693
252,0.0013605551463649,-3.667992480111131,4.176897,4.021542500000001,4.152857493333334,13.917707131046653,1680.0746982139535,15,4.176897,4.021542500000001,-0.1553544999999996,1680.0746982139535,15,0.798929964760627,-5.0,2.796254876662194
253,0.0013624526215471,-3.663871929744751,4.1770935,4.021542500000001,4.1529074,13.895920221968296,1680.0786981903948,15,4.1770935,4.021542500000001,-0.1555509999999991,1680.0786981903948,15,0.7981903885375201,-6.0,2.7936663598813203
254,0.0013682033708635,-3.663573315725456,4.1772513,4.0211883,4.1528286933333325,13.895478611278058,1680.0826980918646,15,4.1772513,4.0211883,-0.1560629999999996,1680.0826980918646,15,0.7973712427032961,-7.0,2.7907993494615364
256,0.0013683501032417,-3.662335880759657,4.176975700000001,4.020952200000001,4.15258718,13.888943258378715,1680.092698193621,15,4.176975700000001,4.020952200000001,-0.1560234999999998,1680.092698193621,15,0.796714180917078,-9.0,2.788499633209773
257,0.0013733624617835,-3.662459457787578,4.1768575,4.020637000000001,4.152513693333334,13.889291336076743,1680.0966980857777,15,4.1768575,4.020637000000001,-0.1562204999999989,1680.0966980857777,15,0.7953247251047486,-10.0,2.78363653786662
258,0.0014102094692055,-3.668748909242425,4.1768184,4.0185900000000006,4.152288013333334,13.922055527994374,1680.1126981079578,15,4.1768184,4.0185900000000006,-0.1582283999999996,1680.1126981079578,15,0.7941472276185824,-11.0,2.7795152966650383
259,0.0013773156253757,-3.6619671988194544,4.176936100000001,4.0203223,4.1523851,13.887738874079044,1680.0946981380694,15,4.176936100000001,4.0203223,-0.1566138000000005,1680.0946981380694,15,0.7931326092026286,-12.0,2.7759641322092
260,0.0013786216055583,-3.6616860451915407,4.176700100000001,4.0201645,4.152285286666666,13.885015525350052,1680.0946982163005,15,4.176700100000001,4.0201645,-0.1565356000000006,1680.0946982163005,15,0.7921501233770855,-13.0,2.772525431819799
261,0.0014162080227411,-3.665699809118169,4.1766605000000006,4.018157,4.152106960000001,13.90543452941326,1680.1186981387436,15,4.1766605000000006,4.018157,-0.1585035000000001,1680.1186981387436,15,0.7912839713470757,-14.0,2.769493899714765
262,0.001382616624648,-3.662029573056056,4.1765032,4.0198102,4.152125233333334,13.886440802285763,1680.0986981508322,15,4.1765032,4.0198102,-0.1566929999999997,1680.0986981508322,15,0.7905046126850818,-15.0,2.7667661443977862
263,0.001421298407394,-3.6645279373047024,4.1765428,4.0176845000000005,4.151862786666666,13.899219582377146,1680.0886982521042,15,4.1765428,4.0176845000000005,-0.1588582999999994,1680.0886982521042,15,0.7896098975489456,-16.0,2.7636346414213095
264,0.0014571298808335,-3.668192504722701,4.1766214,4.015873399999999,4.151770926666667,13.918653204643633,1680.0966981090603,15,4.1766214,4.015873399999999,-0.1607480000000007,1680.0966981090603,15,0.788802118269586,-17.0,2.7608074139435512
265,0.0014245468903926,-3.663113669153653,4.1765819,4.0174875,4.151805086666667,13.89218222837249,1680.1186981159262,15,4.1765819,4.0174875,-0.1590944000000007,1680.1186981159262,15,0.787977307921899,-18.0,2.7579205777266464
266,0.0013940194147392,-3.659153367193576,4.1765819,4.0190229,4.151854893333333,13.87256252434101,1680.0946981157176,15,4.1765819,4.0190229,-0.157559,1680.0946981157176,15,0.78720210822161,-19.0,2.755207378775635
267,0.0013952660363468,-3.6602324026038326,4.1765819,4.0189838,4.15188644,13.87839331281599,1680.0966982301325,15,4.1765819,4.0189838,-0.1575981000000004,1680.0966982301325,15,0.7867503690907901,-20.0,2.753626291817765
268,0.0013962737673855,-3.654216970824777,4.1764636,4.0187082,4.151597653333334,13.846918152751533,1680.108698245138,15,4.1764636,4.0187082,-0.1577554000000001,1680.108698245138,15,0.7861739031487555,-21.0,2.751608661020644
269,0.0013968598761697,-3.6595271621503023,4.1763849,4.018826,4.151794560000001,13.872785745571957,1680.0946982023306,15,4.1763849,4.018826,-0.1575589000000006,1680.0946982023306,15,0.7858572716355477,-22.0,2.750500450724417
270,0.0014004039222938,-3.655873170880549,4.1766214,4.0187082,4.151810366666666,13.8551889995774,1680.086698136758,15,4.1766214,4.0187082,-0.1579132000000003,1680.086698136758,15,0.7856894695910056,-23.0,2.7499131435685196
271,0.0014342775479797,-3.6612676499607777,4.1763849,4.016818,4.15157404,13.882144191614856,1680.1046981839463,15,4.1763849,4.016818,-0.1595669000000006,1680.1046981839463,15,0.7853148367874975,-24.0,2.748601928756241
272,0.0014010597216592,-3.657342184409154,4.1764636,4.0186291,4.151776126666666,13.862014282337608,1680.0866981428117,15,4.1764636,4.0186291,-0.1578344999999998,1680.0866981428117,15,0.7849286757845831,-25.0,2.747250365246041
273,0.0014380158711226,-3.660229467494314,4.1764245,4.016582,4.151503213333333,13.876975463219324,1680.088698088657,15,4.1764245,4.016582,-0.1598425000000007,1680.088698088657,15,0.7842876545570985,-26.0,2.745006790949845
274,0.0014390561816569,-3.660318380485932,4.1765428,4.0166216,4.151592413333333,13.877386068890896,1680.1066981176846,15,4.1765428,4.0166216,-0.1599212000000003,1680.1066981176846,15,0.7841138015381252,-27.0,2.744398305383438
275,0.0014383718415302,-3.66140376572152,4.1765428,4.0167003,4.15165022,13.88306917041919,1680.092698183842,15,4.1765428,4.0167003,-0.1598424999999999,1680.092698183842,15,0.7836164461605593,-28.0,2.7426575615619573
276,0.0014035394980926,-3.656876598333296,4.1764245,4.0184717,4.151731586666666,13.8594522847499,1680.0826982478611,15,4.1764245,4.0184717,-0.1579528000000003,1680.0826982478611,15,0.7831007976083131,-29.0,2.740852791629096
277,0.0014381375444269,-3.660952838091341,4.1765428,4.0166607,4.151595113333333,13.880806847878803,1680.0946981827728,15,4.1765428,4.0166607,-0.1598820999999999,1680.0946981827728,15,0.7825185527427839,-30.0,2.738814934599744
278,0.0014061437295892,-3.6552458988077463,4.1765428,4.0183539,4.151721093333333,13.851184627079457,1680.084698232822,15,4.1765428,4.0183539,-0.1581888999999998,1680.084698232822,15,0.7822665287440707,-31.0,2.7379328506042473
279,0.0014085403466909,-3.654260650059818,4.1764245,4.0181174,4.151587166666666,13.845387725967182,1680.0890015214682,15,4.1764245,4.0181174,-0.1583071,1680.0890015214682,15,0.7812663035266312,-32.0,2.7344320623432092
280,0.0014482769696878,-3.6587870803489384,4.1763849,4.0159917,4.151377193333334,13.868572415176583,1680.107001558412,15,4.1763849,4.0159917,-0.1603932000000005,1680.107001558412,15,0.7807114869065446,-33.0,2.732490204172906
281,0.0014468262009892,-3.660787994441613,4.1763458,4.016070399999999,4.151408726666666,13.879013976043993,1680.0870013721287,15,4.1763458,4.016070399999999,-0.1602754000000006,1680.0870013721287,15,0.7796785483817734,-34.0,2.728874919336207
282,0.0014144803682963,-3.655731156020138,4.176306200000001,4.0176845000000005,4.151450673333334,13.853219996215746,1680.097001313232,15,4.176306200000001,4.0176845000000005,-0.1586217000000003,1680.097001313232,15,0.7786912720340406,-35.0,2.725419452119142
283,0.0014167615444655,-3.654397816381876,4.1764245,4.0175662,4.151427113333333,13.84667230718491,1680.0830015251413,15,4.1764245,4.0175662,-0.1588583000000003,1680.0830015251413,15,0.7778800625409223,-36.0,2.722580218893228
284,0.0014190612607969,-3.655756018594821,4.1765428,4.0176058,4.151589913333334,13.854203388232008,1680.0910015394911,15,4.1765428,4.0176058,-0.1589369999999998,1680.0910015394911,15,0.7768285596137928,-37.0,2.718899958648275
285,0.0014575296143963,-3.658204495449008,4.1762276,4.0153222,4.151133126666667,13.865308730238011,1680.1130015701056,15,4.1762276,4.0153222,-0.1609053999999998,1680.1130015701056,15,0.7757122415252974,-38.0,2.714992845338541
286,0.0014193842213352,-3.655117724273345,4.176188,4.0172515,4.151243366666667,13.850222936939272,1680.0830015251413,15,4.176188,4.0172515,-0.1589364999999993,1680.0830015251413,15,0.774766545235228,-39.0,2.711682908323298
287,0.0014194390318635,-3.655419681416218,4.176188,4.0172515,4.151248606666667,13.85151049902536,1680.0910015264526,15,4.176188,4.0172515,-0.1589364999999993,1680.0910015264526,15,0.7736772547510155,-40.0,2.7078703916285543
288,0.0014570126156478,-3.6610488474565335,4.1761093,4.0152826,4.151098973333334,13.88020550695719,1680.10300154984,15,4.1761093,4.0152826,-0.1608267000000003,1680.10300154984,15,0.7723496800195321,-41.0,2.703223880068362
289,0.0014206777324749,-3.65605134827624,4.176070200000001,4.0171332,4.151196026666666,13.85529659766167,1680.0910013681278,15,4.176070200000001,4.0171332,-0.1589370000000007,1680.0910013681278,15,0.7712419985238783,-42.0,2.699346994833574
290,0.0014603955190378,-3.658906352788928,4.176070200000001,4.015007,4.150959873333334,13.869774067694625,1680.1130015188828,15,4.176070200000001,4.015007,-0.1610632000000009,1680.1130015188828,15,0.769959472873923,-43.0,2.6948581550587303
291,0.0014636959704483,-3.65748116666004,4.1761489,4.0148892,4.150980886666667,13.862376193654658,1680.117001414299,15,4.1761489,4.0148892,-0.1612597000000004,1680.117001414299,15,0.768706410418255,-44.0,2.690472436463893
292,0.0014279742990814,-3.654602856385305,4.1759129,4.016582,4.150973000000001,13.84722226222194,1680.0970014110208,15,4.1759129,4.016582,-0.1593309000000005,1680.0970014110208,15,0.767329261907862,-45.0,2.685652416677517
293,0.0014642697179669,-3.659022809300643,4.1761093,4.0148497,4.150983513333333,13.870060372496088,1680.109001269564,15,4.1761093,4.0148497,-0.1612596000000001,1680.109001269564,15,0.7659719802707237,-46.0,2.680901930947533
294,0.0014650056656926,-3.660466636298968,4.176030600000001,4.014692299999999,4.150875953333334,13.878025315107967,1680.0930013135076,15,4.176030600000001,4.014692299999999,-0.1613383000000015,1680.0930013135076,15,0.764331516469416,-47.0,2.675160307642956
295,0.001469279737522,-3.661876415880522,4.176030600000001,4.014535,4.150930973333334,13.884807820779606,1680.1110015660524,15,4.176030600000001,4.014535,-0.1614956000000003,1680.1110015660524,15,0.7629126382171927,-48.0,2.6701942337601743
296,0.0014323704801149,-3.656923069110615,4.176030600000001,4.0164247,4.151046493333334,13.859513168116036,1680.0870015323162,15,4.176030600000001,4.0164247,-0.1596059000000007,1680.0870015323162,15,0.7617738954716565,-49.0,2.666208634150798
297,0.0014361429502255,-3.6586427011571496,4.175952,4.016149,4.150965146666667,13.868166449954874,1680.07500128448,15,4.175952,4.016149,-0.1598029999999992,1680.07500128448,15,0.760569470379464,-50.0,2.661993146328124
298,0.0014340540843038,-3.657266045340368,4.1757159,4.016149,4.150852333333333,13.86054085686359,1680.097001553513,15,4.1757159,4.016149,-0.1595668999999997,1680.097001553513,15,0.7591649526565203,-51.0,2.657077334297821
299,0.0014781073778598,-3.6604185945649066,4.1757550000000005,4.013786799999999,4.150576653333333,13.877183631334589,1680.095001295209,15,4.1757550000000005,4.013786799999999,-0.1619682000000013,1680.095001295209,15,0.7580122702362349,-52.0,2.653042945826822
300,0.0014434464343035,-3.6531565976566207,4.175794600000001,4.0155582,4.150660706666667,13.839907972378068,1680.0770012699068,15,4.175794600000001,4.0155582,-0.1602364000000005,1680.0770012699068,15,0.7569708936047554,-53.0,2.649398127616644
301,0.0015167741801078,-3.664066050464295,4.1757550000000005,4.0116606,4.150266973333334,13.896471745228284,1680.1270012892785,15,4.1757550000000005,4.0116606,-0.1640944000000006,1680.1270012892785,15,0.7558094431883985,-54.0,2.645333051159395
302,0.0014878324511578,-3.656304303609544,4.1757550000000005,4.013117299999999,4.150314173333332,13.856262368129716,1680.105001553893,15,4.1757550000000005,4.013117299999999,-0.1626377000000012,1680.105001553893,15,0.7548553384272312,-55.0,2.641993684495309
303,0.0014905765370235,-3.6550382712442575,4.1757550000000005,4.01296,4.1502695733333335,13.849356594702892,1680.1110012736171,15,4.1757550000000005,4.01296,-0.1627950000000009,1680.1110012736171,15,0.7538649959312999,-56.0,2.6385274857595493
304,0.0014973932218366,-3.6543593899649154,4.1757550000000005,4.012527,4.150143566666667,13.846150489535525,1680.1270013973117,15,4.1757550000000005,4.012527,-0.1632280000000001,1680.1270013973117,15,0.7527221273983912,-57.0,2.6345274458943693
305,0.0014966795763395,-3.655708506323535,4.175637200000001,4.0124483,4.150046533333334,13.85339121178088,1680.095001307316,15,4.175637200000001,4.0124483,-0.1631889000000006,1680.095001307316,15,0.7515985987076046,-58.0,2.630595095476616
307,0.0014982588269302,-3.6539651738364314,4.175637200000001,4.012251399999999,4.149904819999999,13.8449210377525,1680.1170015782118,15,4.175637200000001,4.012251399999999,-0.1633858000000012,1680.1170015782118,15,0.7495883994365389,-60.0,2.623559398027886
308,0.0014647841271621,-3.64953542046327,4.1753616000000005,4.0138655,4.149925806666667,13.821373858745194,1680.0890014916658,15,4.1753616000000005,4.0138655,-0.1614961000000008,1680.0890014916658,15,0.7482651702999058,-61.0,2.6189280960496704
309,0.0014731101061669,-3.6500793367343074,4.1753616000000005,4.0134325,4.1498838466666665,13.823716263543403,1680.0770013304427,15,4.1753616000000005,4.0134325,-0.1619291,1680.0770013304427,15,0.7473178246696346,-62.0,2.615612386343721
310,0.0014687806080157,-3.6489650784468735,4.1752038,4.0134716,4.149710499999999,13.817804210355144,1680.0910013699904,15,4.1752038,4.0134716,-0.1617322000000003,1680.0910013699904,15,0.746235413828086,-63.0,2.611823948398301
311,0.0014746912532592,-3.648575290723788,4.1752825,4.0132356,4.149744693333334,13.816022745981844,1680.0830015018582,15,4.1752825,4.0132356,-0.1620469,1680.0830015018582,15,0.7453264104024049,-64.0,2.608642436408417
312,0.0014765060114809,-3.6490620429818703,4.1752825,4.0130782,4.149676433333333,13.81863919684596,1680.089001362212,15,4.1752825,4.0130782,-0.1622042999999999,1680.089001362212,15,0.7443212979825077,-65.0,2.605124542938777
313,0.0014808300507655,-3.64722323824648,4.1753616000000005,4.012881299999999,4.1496606866666665,13.809407838362908,1680.0850012637677,15,4.1753616000000005,4.012881299999999,-0.1624803000000012,1680.0850012637677,15,0.7433749446248761,-66.0,2.601812306187066
314,0.0014395087427278,-3.643501402745093,4.1749678,4.014771,4.149589793333333,13.78975769728604,1680.07100148499,15,4.1749678,4.014771,-0.1601968000000004,1680.07100148499,15,0.7423111451396255,-67.0,2.598089007988689
315,0.0014863350899863,-3.6498189546364066,4.175125100000001,4.0124087,4.149469093333334,13.822796816735298,1680.0830014050007,15,4.175125100000001,4.0124087,-0.1627164000000007,1680.0830014050007,15,0.7414468193042375,-68.0,2.595063867564831
316,0.0014854443781082,-3.64394259454103,4.175125100000001,4.0124087,4.1493667400000005,13.792328330987472,1680.0690013645217,15,4.175125100000001,4.0124087,-0.1627164000000007,1680.0690013645217,15,0.7405084985025644,-69.0,2.591779744758975
317,0.0014460829848778,-3.6390673156378313,4.175125100000001,4.0143771,4.149458573333333,13.767399785639787,1680.0770015120506,15,4.175125100000001,4.0143771,-0.1607480000000007,1680.0770015120506,15,0.7396123766319052,-70.0,2.588643318211668
318,0.0014876285544626,-3.648600475882627,4.1750464,4.012251399999999,4.149358813333333,13.816530280548076,1680.0710012614727,15,4.1750464,4.012251399999999,-0.1627950000000009,1680.0710012614727,15,0.7386896132876056,-71.0,2.58541364650662
319,0.0014898696177766,-3.647516803428189,4.1750464,4.0120544,4.149253833333334,13.811031030465584,1680.0770012950525,15,4.1750464,4.0120544,-0.162992,1680.0770012950525,15,0.737753883283691,-72.0,2.5821385914929182
320,0.0014924560124869,-3.6477565843097186,4.1750073,4.0119758,4.149295846666667,13.811612427648388,1680.0750015079975,15,4.1750073,4.0119758,-0.1630314999999997,1680.0750015079975,15,0.7368463944402203,-73.0,2.578962380540771
321,0.0014933076029635,-3.647698770668568,4.175086,4.0119362,4.149295806666667,13.81198721942324,1680.0850013131276,15,4.175086,4.0119362,-0.1631498000000002,1680.0850013131276,15,0.7358123443033083,-74.0,2.575343205061579
322,0.0014972467403625,-3.648300377674034,4.1749678,4.0116606,4.14920664,13.814494013682474,1680.085001513362,15,4.1749678,4.0116606,-0.1633072000000002,1680.085001513362,15,0.734640294415418,-75.0,2.571241030453963
323,0.0015011766067541,-3.643988160621491,4.1750073,4.011306299999999,4.148988686666667,13.792975279734144,1680.0790012665093,15,4.1750073,4.011306299999999,-0.1637010000000005,1680.0790012665093,15,0.733303132267756,-76.0,2.566560962937146
324,0.0015026561821106,-3.644026489412205,4.1750464,4.0112672,4.149017726666666,13.793091907321028,1680.081001356244,15,4.1750464,4.0112672,-0.1637792000000004,1680.081001356244,15,0.7320447536645515,-77.0,2.56215663782593
325,0.0014618860771109,-3.63891477555979,4.1748495000000005,4.0132356,4.149051766666667,13.766739556788952,1680.0730015039444,15,4.1748495000000005,4.0132356,-0.1616139000000007,1680.0730015039444,15,0.7307583559121174,-78.0,2.5576542456924107
326,0.0015087508211635,-3.645189748772316,4.1748104,4.0107551,4.148797206666667,13.799275953431422,1680.0770012866706,15,4.1748104,4.0107551,-0.1640553000000002,1680.0770012866706,15,0.729550485624148,-79.0,2.5534266996845183
327,0.0015112587859292,-3.644513283246169,4.1749282,4.010716,4.148865306666667,13.7955407250937,1680.0810015220195,15,4.1749282,4.010716,-0.1642121999999997,1680.0810015220195,15,0.7285414411467638,-80.0,2.5498950440136734
328,0.0015129296938445,-3.644349621467761,4.1748104,4.0105977,4.148820819999999,13.79414862196742,1680.0770012624562,15,4.1748104,4.0105977,-0.1642127000000002,1680.0770012624562,15,0.7273598151905459,-81.0,2.5457593531669107
329,0.0015140135526585,-3.646130039131822,4.174731700000001,4.0104799,4.1487709,13.803128416710202,1680.0730013251305,15,4.174731700000001,4.0104799,-0.1642518000000006,1680.0730013251305,15,0.7263608417283988,-82.0,2.5422629460493957
330,0.0015168514160966,-3.6429679350618978,4.174731700000001,4.0102043,4.148592466666666,13.787404936520026,1680.0810013422742,15,4.174731700000001,4.0102043,-0.1645274000000007,1680.0810013422742,15,0.7253957188759454,-83.0,2.538885016065809
331,0.0015540643284049,-3.649919042830557,4.1743379,4.0081568,4.148303726666666,13.82163423656704,1680.0990012576804,15,4.1743379,4.0081568,-0.1661811000000002,1680.0990012576804,15,0.7244486139366711,-84.0,2.535570148778349
332,0.001522259588362,-3.644005310211778,4.174731700000001,4.0098891000000005,4.148534693333334,13.792784362901806,1680.0730013921857,15,4.174731700000001,4.0098891000000005,-0.1648426,1680.0730013921857,15,0.7236993461880356,-85.0,2.5329477116581245
333,0.0015246678895378,-3.641617772408273,4.1746526,4.0096922,4.148421793333333,13.780146562929923,1680.0810014158487,15,4.1746526,4.0096922,-0.1649604,1680.0810014158487,15,0.7229010690227797,-86.0,2.530153741579729
334,0.0014803482953992,-3.6372361731440512,4.1744561,4.0118184,4.148471706666666,13.757851824028895,1680.0630014836788,15,4.1744561,4.0118184,-0.1626376999999994,1680.0630014836788,15,0.7220960150276305,-87.0,2.527336052596707
335,0.001482968614144,-3.63957751636664,4.1742983,4.0116215,4.148419186666667,13.769346221107163,1680.0690014958382,15,4.1742983,4.0116215,-0.1626767999999998,1680.0690014958382,15,0.7213657146166997,-88.0,2.524780001158449
336,0.0014829133634038,-3.638961496896979,4.174495200000001,4.011739700000001,4.148529433333334,13.766829715662269,1680.067001341842,15,4.174495200000001,4.011739700000001,-0.1627555000000002,1680.067001341842,15,0.7206993624592323,-89.0,2.522447768607313
337,0.0015330629249035,-3.6432780590703544,4.1746526,4.0092988,4.148427106666666,13.7885528993766,1680.0730015039444,15,4.1746526,4.0092988,-0.1653538000000001,1680.0730015039444,15,0.7199285873918797,-90.0,2.519750055871579
338,0.0015687841937097,-3.6489414890563174,4.1745739,4.007408600000001,4.148209253333333,13.81793185601537,1680.0870015323162,15,4.1745739,4.007408600000001,-0.1671652999999997,1680.0870015323162,15,0.7190755615431623,-91.0,2.516764465401068
339,0.0015316940368835,-3.643339340540072,4.1744165,4.0091019,4.148169893333334,13.789596903523528,1680.0750014334917,15,4.1744165,4.0091019,-0.1653146000000003,1680.0750014334917,15,0.7182433884866374,-92.0,2.5138518597032307
340,0.0015361196766135,-3.645099489582467,4.1743379,4.0088654,4.148151526666667,13.79789088509404,1680.0710015008226,15,4.1743379,4.0088654,-0.1654724999999999,1680.0710015008226,15,0.7174794392474266,-93.0,2.511178037365993
341,0.0015342407604655,-3.6447408086728297,4.174259200000001,4.0089049,4.1481016466666665,13.795784731187652,1680.081001312472,15,4.174259200000001,4.0089049,-0.1653543000000006,1680.081001312472,15,0.7167871350429001,-94.0,2.5087549726501503
342,0.001537860851544,-3.644559932252754,4.174219600000001,4.0086689,4.148028146666666,13.795039076645876,1680.0950013548136,15,4.174219600000001,4.0086689,-0.1655507000000007,1680.0950013548136,15,0.7158803864556977,-95.0,2.505581352594942
343,0.001537186790114,-3.64683821419821,4.1741805,4.008708,4.148059653333333,13.806063624645152,1680.0850015273318,15,4.1741805,4.008708,-0.1654724999999999,1680.0850015273318,15,0.7150321709316094,-96.0,2.502612598260633
