cycle_number,voltage_mean,voltage_std,voltage_kurtosis,voltage_skewness,CC_Q,CC_charge_time,voltage_slope,voltage_entropy,current_mean,current_std,current_kurtosis,current_skewness,CV_Q,CV_charge_time,current_slope,current_entropy,SOH,RUL
1,3.9091800411522635,0.13905108882204667,-1.096224489118216,0.3787237789334704,1.096,3946.62,0.00012072807726029477,0.9819105246106117,0.21433493679775278,0.2114773644399233,2.1325582732303356,1.6574788082584682,0.17099999999999982,2880.5400000000004,-0.00021750466786864134,0.793902923287797,0.8955,185
2,3.8363016172996547,0.15898240815397335,-0.8133434709385488,0.5988664673631776,1.546,5565.719999999999,9.636697597851542e-05,0.9727938111866168,0.21067321557317953,0.20852913232039158,2.3200937994098076,1.6985922187753193,0.16399999999999992,2810.880000000001,-0.00021870489054735384,0.788767535395847,0.838,184
3,3.8404861529766388,0.15873570030048617,-0.8549151473616572,0.574113063978078,1.494,5375.759999999998,9.983678160676028e-05,0.9733365227196422,0.21260330363771343,0.21001984319153963,2.217714771144566,1.6772453250075463,0.16100000000000003,2726.2199999999975,-0.00022788194588177745,0.7917671647484021,0.8965,183
4,3.8342372245492626,0.15943879888088602,-0.8124154329727777,0.6035636277469565,1.545,5560.620000000003,9.686421091184986e-05,0.972303106681977,0.2122651656122069,0.20900005568435034,2.214002168057367,1.673801509936998,0.16000000000000014,2719.3799999999974,-0.00022747675936947813,0.7916774931988603,0.896,182
5,3.833699135711658,0.15975615113434555,-0.8176204319102385,0.602466326621304,1.543,5554.200000000004,9.708261985062473e-05,0.9724420512696884,0.2133017523809524,0.20993754048273544,2.1679324671533076,1.6641733924334536,0.15900000000000003,2681.220000000001,-0.00023212646522032755,0.7948155618053553,0.858,181
6,3.836312850729517,0.15980440516936653,-0.843244368386598,0.5854403260797407,1.515,5454.959999999999,9.895764524801208e-05,0.9733865851042134,0.21369150833656453,0.21077380986073413,2.1368637527749916,1.659036419765676,0.15700000000000003,2633.0999999999985,-0.00023692720273772272,0.792916240251572,0.8945,180
7,3.8333907938258,0.16029512199849885,-0.827368301897363,0.5987992253053089,1.5419999999999998,5552.459999999992,9.744256028384046e-05,0.972709978553911,0.2141599841834717,0.2115479592682694,2.167181070550333,1.6664317962569941,0.15399999999999991,2584.9199999999983,-0.00024253370603008148,0.7934917579737572,0.9195,179
8,3.8315506698044897,0.16051203225363925,-0.8155827227297006,0.6094560507983772,1.557,5603.279999999999,9.66572094975435e-05,0.9721227269236248,0.2139047619047619,0.21127941430774827,2.111714038379967,1.6546466494241032,0.15200000000000014,2553.060000000012,-0.00024514765370227377,0.792882912594161,0.9,178
9,3.832352863115797,0.16066781592488832,-0.8276261849738993,0.6021536434515965,1.549,5575.020000000004,9.724738801679995e-05,0.9724233151101671,0.21508752523213565,0.21228529149631242,2.0661438837979045,1.6452465524165456,0.1499999999999999,2512.8600000000006,-0.0002506336083568827,0.7964332686286475,0.892,177
10,3.8329325752017605,0.1607535709044991,-0.8350271849675854,0.5961572456510892,1.537,5532.360000000001,9.808919966286429e-05,0.9731023774031708,0.21457040000000002,0.21090743436443407,2.055107057222674,1.6405130909088077,0.15200000000000014,2534.520000000004,-0.00024720341371070706,0.7946372733275258,0.8915,176
11,3.832529069343065,0.1606891456033629,-0.8278878246671479,0.6017811869382858,1.543,5555.639999999999,9.769226313613514e-05,0.9724818442615224,0.21588644747393745,0.21333047347090744,2.0966339664384233,1.6508718607697106,0.1519999999999999,2526.300000000003,-0.00025061631255310346,0.7953830458857424,0.876,175
12,3.833248463661454,0.160684529769443,-0.8376740466772246,0.595347606510743,1.532,5514.720000000001,9.847874889096522e-05,0.9727899686823415,0.21601661949049739,0.2127337746532307,2.0318450162531567,1.6376891665987572,0.1509999999999998,2510.2200000000157,-0.0002516913203807939,0.7964558810931479,0.912,174
13,3.8312792432235767,0.16102461517556962,-0.8256396828039154,0.6030183311452981,1.549,5576.700000000012,9.754403315080698e-05,0.9726763645017804,0.21539272578667756,0.21169283693100766,2.0295767686821415,1.6353554498221516,0.14900000000000002,2482.5599999999977,-0.00025342039893852373,0.795760446452036,0.886,173
14,3.8324413465056715,0.16094053720309956,-0.829998859670086,0.6001794618388595,1.538,5537.5199999999895,9.808894488094597e-05,0.9726648520984578,0.21832151690024734,0.2138638476572659,1.9609409044086838,1.6161276840436145,0.14900000000000002,2457.720000000001,-0.0002594455061654524,0.7999024802290589,0.9505,172
15,3.8292099047276644,0.16163076273886476,-0.8178199129991928,0.6133599325237188,1.566,5637.239999999991,9.66703937020262e-05,0.9720388060023848,0.21639925155925155,0.21284574593705063,1.983353521128831,1.6249978013447768,0.14600000000000013,2438.1600000000035,-0.0002596626302858161,0.7967251599474849,0.928,171
16,3.8301748188405793,0.1619922965514777,-0.8363989058795034,0.6030327618145851,1.556,5599.139999999985,9.758045176225975e-05,0.9725487025315871,0.21697425870219164,0.2136374049316737,1.9666541249594447,1.6230176773486873,0.14200000000000013,2356.6199999999953,-0.0002695631455481343,0.7974051856762941,0.887,170
17,3.831975132954337,0.16170470234605724,-0.8495420919396586,0.5926990229190287,1.536,5530.74000000002,9.866346803300698e-05,0.973085688421264,0.21756649659863944,0.21373250971291272,1.9492550479935957,1.618256427724303,0.14300000000000002,2378.100000000006,-0.0002675618516617948,0.7985463209014352,0.91,169
18,3.8309610150991444,0.1618529391376155,-0.8397259153787209,0.5998878913213778,1.5470000000000002,5569.559999999998,9.803903525173041e-05,0.9727598656264014,0.2168252854122622,0.21389535064382334,1.9750846640279809,1.625177481013354,0.14400000000000013,2392.320000000007,-0.0002656749288981165,0.7967982847452788,0.914,168
19,3.830744224122249,0.16178566232757968,-0.8383429587795375,0.6002945347824274,1.548,5571.0,9.798650758681735e-05,0.9727707630144117,0.21714708882277942,0.2140906546160876,1.9792029915378242,1.626207837438556,0.14300000000000002,2381.640000000014,-0.00026703938198483537,0.7967928586957189,0.9305,167
20,3.8303111131320478,0.16213059004488975,-0.841697581545938,0.6003656613722858,1.55,5582.100000000006,9.78515661360503e-05,0.9727985422948606,0.2180158567774936,0.2138364460690271,1.9513726149000288,1.616144286390699,0.14400000000000013,2371.859999999986,-0.00026850284402203846,0.7993293632661954,0.893,166
21,3.855169120961683,0.14767627211578008,-0.6928071938760594,0.6425153898340581,1.532,2757.779999999999,0.0001798575722959092,0.9599129822153076,0.4593858299595142,0.42412953696012545,2.060608102121389,1.645406061362983,0.22799999999999998,1789.2000000000116,-0.0007049394287489336,0.8100432343153422,0.9345,165
22,3.932767786790267,0.1177517838667284,-0.7337005409043651,0.45696340080375786,1.487,891.8999999999942,0.0004482902247398375,0.9525429001179768,0.7043976821192052,1.1025775736040586,7.235681334230023,2.73654466588349,0.3660000000000001,1875.3600000000151,-0.0013953728550349558,0.5777610053846424,0.9215,164
23,3.931473536299766,0.11891445920145757,-0.7646518511344866,0.4363849234542346,1.471,882.359999999986,0.00045865023066381455,0.9618710391397995,0.7053532590529249,1.0984437780458112,7.35181025353074,2.7539982923007575,0.3639999999999999,1857.9599999999919,-0.0014000224196150043,0.5815735562947111,0.9055,163
24,3.9358744910179637,0.11703157707202295,-0.7576692657519346,0.4310158748042092,1.439,863.1600000000035,0.00046105712925145303,0.9615688269216874,0.710976295045045,1.1009633747683982,7.2866176310087525,2.7454729184381432,0.363,1840.2000000000116,-0.001420524728039074,0.5859215497936607,0.919,162
25,3.930366077738516,0.12060434153453929,-0.7752448225426916,0.40191046991457463,1.465,878.820000000007,0.0004673773561492861,0.9644304077833177,0.715018778280543,1.0986270992321585,7.241754688216599,2.7360478970113737,0.363,1827.3000000000175,-0.0014310904658705367,0.5890249145427204,0.9495,161
26,3.9214822598870054,0.12473865626151286,-0.7496228682628439,0.3856513172852744,1.527,916.5,0.0004639062544390531,0.953322404297706,0.7219937142857143,1.1032998106156593,7.142599499685058,2.720019466519657,0.363,1812.179999999993,-0.0014537350983424417,0.5938125447035106,0.9235,160
27,3.9328107728337236,0.11795659473952222,-0.7518467440431658,0.44566321346611515,1.472,883.140000000014,0.00045414642925594145,0.9593781068373117,0.7284320895522389,1.1023844266558596,7.100228697745372,2.7133808572820843,0.3639999999999999,1801.6800000000512,-0.0014657851006630996,0.5999158571504148,0.9335,159
28,3.9275863425925928,0.12177890428233842,-0.7706864323662055,0.4098094096674865,1.493,895.6199999999953,0.00046284367302758706,0.9604017993043622,0.737128438769588,1.1047454279168547,6.981277408842736,2.6938289654036205,0.3639999999999999,1783.679999999993,-0.0014915072038221417,0.607574572293807,0.921,158
29,3.9308554641598126,0.12041041425592847,-0.7667513357845812,0.41070344227807287,1.467,880.3800000000047,0.0004658102745136136,0.9625798604636158,0.74092203985932,1.099913897939529,6.94210453999877,2.6849196465644094,0.365,1766.2799999999697,-0.0015075198153014784,0.6109415128968642,0.9585,157
30,3.919198880179171,0.12644406081125228,-0.7082934865655615,0.34876626259012716,1.538,923.039999999979,0.0004666703014562486,0.9487970431851355,0.7488472009428402,1.1085078743915058,6.819415436361298,2.6661452821495124,0.365,1758.0,-0.0015304753707910909,0.6137507360936216,0.932,156
31,3.926206242774567,0.12294194545281686,-0.7719342815379324,0.3953172687655774,1.488,892.859999999986,0.00046928254142090676,0.9608809670212546,0.7605379618593564,1.115400642079125,6.701601128334273,2.645062164825555,0.3660000000000001,1737.2999999999884,-0.001565425933257004,0.619002823028482,0.9535,155
32,3.8395585383767905,0.15605323474797286,-0.7311041948202668,0.5868436890618364,1.5659999999999998,2817.5999999999767,0.00018708923099639306,0.9757689250567613,0.48865325596389425,0.4343168082588631,1.448930011177672,1.4667562759696504,0.21799999999999997,1607.2799999999697,-0.0008254092808153985,0.8320763263699715,0.955,154
33,3.9190061085972854,0.12718034210931115,-0.7165841066118395,0.34016139634911974,1.525,914.9400000000023,0.0004734301222001711,0.9522496899008253,0.7754636308439586,1.1249237476605787,6.566689513595598,2.620031861120721,0.3659999999999999,1704.359999999986,-0.0016242208450771931,0.6312561003506355,0.9225,153
34,3.922526235294117,0.12570731465408744,-0.7689673779258799,0.3514899329050379,1.469,881.460000000021,0.00048803343012510727,0.9654792048621746,0.7771302864107251,1.1231769781774303,6.545317494835773,2.6142061095541083,0.3660000000000001,1697.5200000000186,-0.0016340506217080231,0.6334177107423693,0.927,152
35,3.928652224824356,0.12090357493608093,-0.7616298571354094,0.4141581479447087,1.475,885.2399999999907,0.0004648936836320194,0.959716399404235,0.7812355786895284,1.1252277772632537,6.461587823058309,2.6004446029550987,0.3680000000000001,1694.640000000014,-0.0016430728854020648,0.6361332124046942,0.966,151
36,3.914787932960894,0.12910371431083834,-0.6846222065602676,0.33005713243063356,1.546,927.5999999999767,0.00047390309443763595,0.9508734025807398,0.7912754646840149,1.1314495498743964,6.34935520943789,2.581118642312616,0.3679999999999999,1674.539999999979,-0.00168360490429115,0.6419437483772491,0.91,150
37,3.9259373205741626,0.12487231167185604,-0.7820034750896641,0.3553029976064899,1.441,864.5999999999767,0.0004928347619375387,0.965729298133011,0.810967109424415,1.1414417894276092,6.089503184509134,2.5320032583528227,0.369,1640.3400000000256,-0.001752468039597361,0.6503652337912854,0.906,149
38,3.9281298309178747,0.1240073224676922,-0.7792205749390093,0.3515658561122915,1.432,859.3800000000047,0.0004928672095454935,0.9651176625113193,0.8112534722222223,1.139197477075718,6.039810217027931,2.5229840912466175,0.369,1643.0999999999767,-0.0017480568582301534,0.6504410148023196,0.961,148
39,3.9155916760404947,0.12866320190803687,-0.6910034368422062,0.34829937322091636,1.5370000000000001,922.1399999999558,0.0004747754364768282,0.9513518076494105,0.812667895740623,1.1384051988467383,6.033372000667022,2.519778001557697,0.3680000000000001,1632.2999999999884,-0.0017647389797413524,0.6543782862719837,0.92,147
40,3.9207231042654027,0.12825000301516126,-0.7907208531041823,0.3330110638989851,1.459,875.640000000014,0.0005004912219657493,0.9662838798482307,0.81823626513703,1.1424278707153976,5.921305288816576,2.499565242473406,0.369,1625.820000000007,-0.0017827939041870201,0.6561944229830079,0.932,146
41,3.924238273045508,0.1235730620495578,-0.7546022909642307,0.40006422931643476,1.481,888.7800000000279,0.000473648769644771,0.9564320868531311,0.8113631281407034,1.1437654509136574,6.061777429293292,2.527530167131912,0.371,1649.5200000000186,-0.0017458382569731739,0.6512766828209037,0.94,145
42,3.919176294591484,0.1275784717930732,-0.7501874562517168,0.34985499751735427,1.498,898.679999999993,0.00048388641936884694,0.9537350581766297,0.806777125,1.136737910877217,6.079608646952471,2.530192117250582,0.371,1656.0599999999977,-0.0017280969145269506,0.649743775306874,0.894,144
43,3.8447558371735786,0.15560006054076597,-0.7758893984882027,0.5614010040453485,1.501,2701.7999999999884,0.00019494332253598503,0.976679489789072,0.49606833000665335,0.4397295894439697,1.2623034648601346,1.4214828685407943,0.21500000000000008,1558.320000000007,-0.0008673170349337955,0.8363725079240029,0.963,143
44,3.914824122310306,0.1304541418466175,-0.7161873475464429,0.3043474841034906,1.525,914.7600000000093,0.00048669663120129057,0.9573305479512317,0.8027583541147132,1.1342543341702245,6.155073212033983,2.5439741138711853,0.3700000000000001,1665.5999999999767,-0.0017083617621160927,0.6479648419627796,0.93,142
45,3.923446315789474,0.1254696587873871,-0.7751189767812083,0.3636119875758366,1.478,886.679999999993,0.00048276540811620957,0.9586092781219129,0.8060247191011236,1.1367204621497906,6.1387288503094375,2.5402521863673315,0.371,1662.2999999999884,-0.00171837242380848,0.6493533641073264,0.9285,141
46,3.921401172332943,0.12717756356637894,-0.7785211841538398,0.3538041123238019,1.476,885.4799999999814,0.0004901672459953406,0.9599952962356997,0.8113523869346734,1.1389610278775302,6.047333900983965,2.524476596971483,0.371,1652.4000000000233,-0.0017402009317627652,0.6522259433223538,0.949,140
47,3.9173493150684933,0.12865788934596628,-0.7164140952462894,0.3317560161115302,1.5130000000000001,907.5599999999977,0.00048305215774868833,0.952768971327729,0.8172950819672131,1.1419554870477704,6.013162167753819,2.515298303571565,0.373,1643.9400000000023,-0.0017602182791527556,0.6570643499549742,0.9555,139
48,3.912935227272727,0.13145792211873486,-0.710628961444518,0.3074284973114377,1.52,912.2400000000489,0.0004913161680075856,0.9558759572478824,0.8335201415701415,1.1515450220733554,5.783245179644428,2.471374369166487,0.373,1613.640000000014,-0.0018265045717440467,0.6659014554167959,0.9415,138
49,3.9158589388696656,0.12982465932498957,-0.7402014375686932,0.33818876992844055,1.4989999999999999,899.3999999999651,0.000492264714158972,0.956286511951463,0.8426582303188028,1.1547856217326262,5.657921182995739,2.4473226518081512,0.373,1596.2399999999907,-0.001862526586443845,0.6705598809190194,0.873,137
50,3.9318794155019057,0.1238234570145619,-0.7795525182528245,0.32489255298043135,1.361,816.7800000000279,0.0005171078370169376,0.9642654145139288,0.8655180371352785,1.1684460364060292,5.363296329701344,2.3898613635318173,0.3760000000000001,1563.2999999999884,-0.0019450260582166428,0.6797271747949517,0.935,136
51,3.917313704994193,0.12874614710099125,-0.7456536509498908,0.3472454085202163,1.485,890.820000000007,0.000493039385278693,0.9539171822377625,0.8497585127201567,1.1574240896507175,5.538982271859863,2.425960743213738,0.3740000000000001,1586.5200000000186,-0.001882965952457167,0.673373834351036,0.937,135
52,3.918895601851852,0.12761226826571215,-0.7335593611441658,0.3567597140308941,1.488,892.9199999999837,0.0004868475581696424,0.9513980233756069,0.8548309960681522,1.1635724994929704,5.485849043546441,2.4153430406520315,0.3740000000000001,1580.8800000000047,-0.0019042929563522237,0.6756474320791803,0.9565,134
53,3.91205284738041,0.1326444021028215,-0.726750046595535,0.29816474129000536,1.515,909.1200000000536,0.0004974936777147129,0.9590041725150561,0.8468087378640775,1.1591750443876512,5.578566891011636,2.433958717593065,0.375,1597.320000000007,-0.0018700573719665353,0.6720984219561699,0.9515,133
54,3.8388665300037266,0.15717755219383084,-0.7570771339985822,0.5775226606609671,1.544,2778.2399999999907,0.00019125658153669825,0.9770582117701411,0.5032598371777477,0.44410374960017485,1.1074022565484674,1.3824982148140537,0.21300000000000008,1525.9799999999814,-0.0008982737890229778,0.8407730277157809,0.966,132
55,3.9127482406356417,0.13272038849577444,-0.7185556202201782,0.283284323622152,1.5190000000000001,911.460000000021,0.0004969952252873896,0.9590248318473671,0.8331108556832696,1.1509293063829007,5.758076805471948,2.4697598112766466,0.3740000000000001,1622.3400000000256,-0.0018146083174900571,0.66604455344925,0.917,131
56,3.9202228299643282,0.12944644462398838,-0.8007401776782865,0.3157546404507075,1.449,869.460000000021,0.0005087636301935129,0.9647591485950279,0.8426996778350515,1.1569333488249722,5.652917686447857,2.4479574975432996,0.375,1607.0400000000373,-0.0018493377626152062,0.6693648980842776,0.9615,130
57,3.9114157175398634,0.13333867375654324,-0.7387412973770586,0.2865090631434564,1.515,908.820000000007,0.0005009728832867705,0.9621289180677797,0.8438082368082368,1.1584989519061533,5.62936512856383,2.4436475850871986,0.3759999999999999,1608.3600000000442,-0.0018506088558378432,0.6702374841888015,0.92,129
58,3.920744536817102,0.12901654033951,-0.7991465826990471,0.32182367784657256,1.453,872.039999999979,0.000505115982234658,0.9631136266481513,0.8425192802056556,1.1557340116283097,5.638922959946022,2.445991501905459,0.377,1613.0999999999767,-0.0018413949388576903,0.6696106619781209,0.911,128
59,3.9217241296518606,0.12910795304572156,-0.8017851095631512,0.30812923543174464,1.435,861.179999999993,0.0005129421250250966,0.9655802451655089,0.8451345115681234,1.159511412892569,5.593989000389829,2.4379736562583116,0.3780000000000001,1610.3399999999674,-0.0018534092588981695,0.6700747448060764,0.9235,127
60,3.9216731678486996,0.12801782328254216,-0.7824022354120972,0.32717929233170867,1.458,874.9799999999814,0.0004996495610276696,0.9588574237809455,0.842918682021753,1.1585675257953054,5.620954446754563,2.443581992084069,0.3779999999999999,1618.4400000000023,-0.0018373464312592153,0.6686879265537664,0.945,126
61,3.9153949132947976,0.13154898334989815,-0.7313770766678358,0.2835064793016592,1.494,896.5199999999604,0.0005009296084676383,0.956934663325778,0.8397287539936101,1.1526573982888273,5.643166443913607,2.4469921505465715,0.377,1617.7799999999697,-0.001831028623353537,0.6687444187671736,0.9405,125
62,3.9196514484356895,0.12852244170899335,-0.7172429153649831,0.31271170565789097,1.489,893.7000000000116,0.0004903137769426301,0.9524207717980233,0.8398836294416244,1.1567957755739786,5.648987043003318,2.4507214880182566,0.379,1631.640000000014,-0.00181787536215083,0.6679245352247181,0.9055,124
63,3.9225088484848487,0.12884477643400116,-0.8069286386921899,0.2991535617605777,1.421,852.4199999999837,0.0005168366315331203,0.9662787719658756,0.8525914893617021,1.1650402859011715,5.523269608657351,2.424349010201906,0.3800000000000001,1605.2399999999907,-0.0018751555744270561,0.6737171793558637,0.925,123
64,3.922356146572104,0.12747382069340724,-0.7658803272063128,0.32337579836537234,1.459,875.5200000000186,0.0004973477945353892,0.9547188440221199,0.8445097514340345,1.1596629331880044,5.605896426870551,2.4413879106546386,0.381,1624.679999999993,-0.0018351506909538098,0.669924335783021,0.934,122
65,3.839651857410882,0.15733093320301705,-0.7693171705007495,0.5687012934813327,1.533,2758.5,0.0001929295562664386,0.97749182651202,0.5038793640054128,0.44577576578963624,1.0668132577177918,1.3759963238357713,0.21399999999999997,1529.5200000000186,-0.0008980717963169082,0.8403743183893749,0.9645,121
66,3.9133030998851894,0.1329039374871003,-0.7331116895314,0.27619915914990595,1.503,902.1599999999744,0.0005031319931364237,0.9607614751000024,0.8472797824696097,1.1619555241006072,5.611686780625101,2.4403751073594377,0.3799999999999999,1619.1600000000326,-0.0018460711786160353,0.6721238530674012,0.9635,120
67,3.911993470790378,0.13358396705140962,-0.7429668762160753,0.2742144853832876,1.5050000000000001,903.0,0.0005051124766397417,0.9625052099016801,0.8496255948553054,1.158813556610433,5.521696393518274,2.4239212345189762,0.379,1609.2600000000093,-0.001861042965587247,0.6736822167632195,0.949,119
68,3.9150911085450346,0.13135311250071388,-0.7160824100934082,0.2872911278616042,1.496,897.359999999986,0.000499903791426511,0.9562245637873874,0.8519047649710239,1.1606043310382326,5.5199137414008845,2.422681537648152,0.379,1605.359999999986,-0.0018702337584112065,0.6749306266880125,0.931,118
69,3.921735722679201,0.12748394027590784,-0.7209245099661072,0.3200808054772914,1.47,882.0599999999977,0.0004932496144515731,0.946835480912198,0.8465804722399489,1.1571798175431849,5.568572462212911,2.4325741391169022,0.3799999999999999,1619.6399999999558,-0.0018419784395311166,0.6721656287753814,0.936,117
70,3.9198792056074763,0.12832262169860043,-0.7087851815816344,0.30330547338413005,1.476,885.8399999999674,0.0004945704205622346,0.9494841344067977,0.8513327784891165,1.1642141725881812,5.520476642663102,2.424155879949871,0.3819999999999999,1616.5800000000163,-0.0018604332655635324,0.6737087258632661,0.889,116
71,3.928018079800499,0.12659752946531072,-0.8046273129736257,0.2928978528133618,1.384,830.3400000000256,0.0005215350162314002,0.9660227455533317,0.8628162459546925,1.170202101030129,5.367483356722104,2.394078079606538,0.383,1599.0599999999977,-0.0019016983685864574,0.6785391725477247,0.9405,115
72,3.9164433566433563,0.13154582488875358,-0.7292366350454156,0.27437263287101765,1.4800000000000002,888.3000000000466,0.0005054662373218771,0.9572500010074065,0.8585694730077122,1.16806883136941,5.439242374854686,2.407127437333577,0.383,1609.920000000042,-0.001880411779836108,0.6767926472142194,0.919,114
73,3.920851732377538,0.1289150752038653,-0.774833683660332,0.3082690213658405,1.443,865.9199999999837,0.0005089507086929822,0.9560652261323513,0.8558335260115607,1.1639047838439014,5.427125920540195,2.405499114686931,0.3820000000000001,1610.3399999999674,-0.0018740038010601446,0.6756506565793646,0.945,113
74,3.9168348837209304,0.13113123381315436,-0.7338397907719898,0.2835375161549638,1.482,889.1399999999558,0.0005033313513873113,0.9580081788545115,0.8568690384615384,1.1684245944113147,5.45143200500079,2.4113502583463213,0.3840000000000001,1613.7600000000093,-0.0018756645461313788,0.6760568558886189,0.9055,112
75,3.9228304506699145,0.12920803011901263,-0.8079500171988139,0.2924321471115407,1.416,849.7199999999721,0.0005199918614941755,0.9644128563210537,0.8638129987129988,1.1721435884191558,5.355976037347158,2.3923882247730432,0.385,1608.6600000000326,-0.0018926834662559124,0.678771626700843,0.9595,111
76,3.8401951017332334,0.15720656868580754,-0.7691468127082053,0.5651682827157055,1.5250000000000001,2743.9800000000396,0.00019396095936596728,0.9777106715532209,0.506808226567768,0.44698044322535535,1.026581511966297,1.3643341616518514,0.21499999999999986,1532.579999999958,-0.0009006512797980805,0.8424574362951727,0.961,110
77,3.914935763888889,0.13293613677214514,-0.7313793072095263,0.25247910676381996,1.49,893.7000000000698,0.0005081978393010445,0.960092267133835,0.8456522151898734,1.1584088978774292,5.587437879788428,2.436603325052461,0.383,1634.4600000000792,-0.0018273771647719973,0.6720903565561982,0.91,109
78,3.922130592503023,0.12984990150211345,-0.8066296899971577,0.2897048893544971,1.424,854.5799999999581,0.0005200279476956198,0.9627622842842201,0.8527872040946898,1.1636924403987858,5.494835545708154,2.419554229596784,0.3839999999999999,1620.719999999972,-0.0018595509398264777,0.6738220382333755,0.9305,108
79,3.9214437499999995,0.1283501112538836,-0.7316572112890651,0.30301394853240327,1.4620000000000002,876.8999999999069,0.0004996435652780677,0.9532734933759213,0.8531235668789809,1.1644789953277852,5.488736018204861,2.4183116957658513,0.385,1626.9599999999627,-0.0018520315146548034,0.6741786929536375,0.9405,107
80,3.919531147540984,0.12891445690788114,-0.7004475679534257,0.29529701786943924,1.4740000000000002,884.5200000000186,0.0004970869706710612,0.9517932398907476,0.8634418439716313,1.167009081689053,5.34093568756013,2.3889478120606387,0.3839999999999999,1605.2399999999907,-0.0018931918649505572,0.6803048225415365,0.885,106
81,3.928432412060302,0.12749104841566064,-0.8159238816082808,0.28180014076198484,1.373,823.8000000000466,0.0005294548961574158,0.9658310141001835,0.8712232858990945,1.1748419214305472,5.245161891464694,2.3695365585183974,0.387,1599.4799999999814,-0.0019192432824952134,0.6824828207613127,0.925,105
82,3.9209406436233616,0.12949265717635272,-0.7582725069139453,0.2900535885127137,1.447,868.0799999999581,0.0005092979450413579,0.9545886780309912,0.8652737010904427,1.1725800841080405,5.364249680767896,2.393919705591883,0.3880000000000001,1614.420000000042,-0.0018861398992968406,0.679506041505157,0.9175,104
83,3.9189669471153845,0.13132593023894235,-0.7663400270422738,0.2785513018108319,1.438,862.5600000000559,0.0005203655203798415,0.9553559299437417,0.8766796621182587,1.176356353457923,5.175988082591745,2.3562702613595907,0.387,1591.5,-0.0019368936095084004,0.6854461910233789,0.933,103
84,3.918740212264151,0.13014201986683557,-0.7195084117180901,0.2824449172863091,1.461,876.4799999999814,0.000506555258004532,0.9539933130469763,0.8761907082521118,1.1740235602397988,5.172956841529825,2.354755545084093,0.387,1592.3999999999069,-0.0019330277765064643,0.6862849593334512,0.916,102
85,3.920690985576923,0.1300205523066725,-0.7632909926225415,0.2884003499193496,1.432,859.4399999999441,0.0005167843272680577,0.9538691535883764,0.8736885806451613,1.176715626597966,5.2242746124794,2.3665168330663215,0.389,1604.280000000028,-0.0019166709607958442,0.6838823911379696,0.9295,101
86,3.9182921800947867,0.1310819918013187,-0.7316879558410037,0.27042857338925386,1.453,871.859999999986,0.0005137158445204372,0.9553425731740777,0.8763252590673575,1.1791261153666561,5.182494840533579,2.358203805841274,0.389,1598.5200000000186,-0.0019302968290182028,0.6850702811241597,0.9505,100
87,3.8402901782328405,0.15767278610898214,-0.7796968584260924,0.560325458615326,1.516,2729.0999999999767,0.00019561545541373147,0.9782192603222756,0.5120853507565337,0.45029242433971334,0.9542915752845564,1.3449336345185594,0.21399999999999997,1505.0400000000373,-0.0009256374068885855,0.8457537820171306,0.9575,99
88,3.914786752637749,0.1335166786380494,-0.7474504226083893,0.2535084718713394,1.4749999999999999,884.4599999999627,0.0005158258285632109,0.9620872286602014,0.8716159485530546,1.176264590258636,5.278560389384685,2.3770397423716676,0.389,1613.1600000000326,-0.0019022087388167223,0.6839221945101198,0.9495,98
89,3.912457042253521,0.1352006452007046,-0.7629277537733286,0.24834155913127554,1.4680000000000002,880.9199999999255,0.0005250199905546476,0.9647742940426753,0.8759447317388493,1.1761395077255778,5.214095482480545,2.361514741966733,0.389,1601.280000000028,-0.001923664071943,0.6859277134668297,0.931,97
90,3.9203838479809976,0.12971151325547634,-0.7278571742145696,0.28232131830283236,1.453,871.9800000000978,0.0005077546288561156,0.9545339867818894,0.8706016035920462,1.1752648123863945,5.251079349284909,2.372819043793787,0.3899999999999999,1613.5800000000745,-0.001900641894305188,0.682336512973063,0.899,96
91,3.9258988875154515,0.12780437610168538,-0.8066485142337521,0.2898503266705885,1.395,837.2399999999907,0.0005231104892575773,0.9611509810844241,0.87344235218509,1.1739264548409996,5.19012691010003,2.3607394099232737,0.3899999999999999,1609.9799999999814,-0.0019074583576950696,0.6844199621724404,0.921,95
92,3.92184093637455,0.1299102592161332,-0.7428852981586664,0.2698253496163776,1.437,862.6199999999953,0.000514204016227087,0.9526832524872892,0.8718256081946223,1.1749908854842077,5.233796891964925,2.3684788836541313,0.391,1616.3999999999069,-0.001897843902026185,0.6834763486731664,0.9205,94
93,3.919176442307692,0.13132834874633698,-0.753577497713791,0.2649983708300232,1.4360000000000002,861.0599999999395,0.000521266068324947,0.9571175483609851,0.8772089045483665,1.1809957087695944,5.169459795255857,2.3568300343070567,0.393,1613.1600000000326,-0.0019137357599830177,0.6850717044836382,0.9265,93
94,3.921648329355609,0.1296640227529933,-0.722596938736503,0.26208791396873055,1.4440000000000002,865.9199999999255,0.0005114129465550313,0.9523294161296052,0.8674719643992371,1.1734440127416412,5.31568949611173,2.382812447682851,0.393,1627.6800000000512,-0.0018808126528815814,0.6813757554145402,0.8905,92
95,3.9276800751879692,0.12751621548272105,-0.8165185050552477,0.27912140489964643,1.377,826.3800000000047,0.0005280680211856378,0.9633312686618536,0.8709539097266372,1.1745233940294364,5.203333633193035,2.362844167106327,0.3920000000000001,1625.4599999999627,-0.0018874522671045945,0.6829023622907108,0.917,91
96,3.922467270531401,0.12959765121622954,-0.7398831222512081,0.2673115618287949,1.428,857.0999999999767,0.000516413586391791,0.9523751923478743,0.8753561582641991,1.1783112107311282,5.171943488082391,2.357095508965827,0.3939999999999999,1621.7999999999302,-0.0018995850257910198,0.6847384665048482,0.879,90
97,3.927012276214834,0.1283850200382753,-0.8083967417688203,0.2615161253965943,1.353,811.7399999999907,0.0005426457696710668,0.9662167444045643,0.8795448586118252,1.1779126636317172,5.10610501058844,2.341514286177347,0.3929999999999998,1610.0400000000373,-0.0019236175747843677,0.6872899463038592,0.9325,89
98,3.8410234123947973,0.1576756762880859,-0.7871587681369911,0.552296319751976,1.504,2707.140000000014,0.00019741282817351794,0.9787290642135279,0.512487012987013,0.451659985314885,0.9598278618602438,1.348462706221011,0.21599999999999997,1514.9400000000605,-0.000922221437135831,0.8457977007105092,0.9525,88
99,3.9147766863905322,0.13367381938512488,-0.7387963805720763,0.24554738326557088,1.457,874.0200000000186,0.0005231529022518228,0.9615098475422903,0.8792565273311896,1.1788185285517512,5.114620127003587,2.3444999005684375,0.3919999999999999,1608.719999999972,-0.0019244470769909595,0.6877024393366638,0.919,87
100,3.9189427536231882,0.1320189267078596,-0.7606508518104969,0.25999936788806766,1.4280000000000002,856.9799999999814,0.0005262463944988186,0.9588210383400256,0.8869887524240465,1.1845252175226786,5.044044429142257,2.3299996614079173,0.39400000000000013,1599.9599999999627,-0.0019490105471008745,0.6899828369387344,0.8695,86
101,3.9304104786545926,0.1274762954959534,-0.8200125614406213,0.2571313424560471,1.333,799.6800000000512,0.0005462002090844002,0.9662498578205507,0.8893699742268042,1.1883603547170838,4.990230439488903,2.3207123230217035,0.395,1603.5600000000559,-0.0019524620890399376,0.6902369323239559,0.9305,85
102,3.9183244604316547,0.13209552884448783,-0.7406231624860977,0.24850440733767526,1.439,863.4599999999627,0.0005229576456818189,0.9584207046887646,0.8775648854961833,1.1813925155186733,5.1495954454243495,2.352857659839013,0.39600000000000013,1626.0,-0.0019038898426694349,0.6853877534199139,0.924,84
103,3.92233670276775,0.13014312996770078,-0.7291137489222264,0.2524454905548006,1.434,859.8000000000466,0.0005167429717430205,0.9541178548611571,0.8718217088607595,1.1761361452282388,5.193377475791021,2.362181457960526,0.395,1635.3000000000466,-0.001879594913347707,0.682916870137085,0.921,83
104,3.918616908212561,0.13292416710237823,-0.7632116438268604,0.23712151428406433,1.426,855.359999999986,0.0005312499131260947,0.9605024789478337,0.8785981587301586,1.1819493837496975,5.106791121185058,2.345819578933983,0.397,1631.4000000000233,-0.0018977040008071521,0.6856862464258341,0.916,82
105,3.92082700729927,0.13140245549886148,-0.751408200390355,0.2359575194341904,1.4180000000000001,850.5,0.0005282736168591006,0.9566483350384639,0.8695132659507264,1.175627383583974,5.226685241576465,2.3702244852812573,0.397,1641.9600000000792,-0.0018712563654474893,0.6819927246649861,0.9325,81
106,3.9227276978417267,0.12970633517901142,-0.7159350492586793,0.25030474223337024,1.438,862.8000000000466,0.0005135798968141937,0.9542227106392659,0.8662583385384135,1.173729548094231,5.239275219670201,2.372695846861735,0.3979999999999999,1655.8199999999488,-0.0018472491772279023,0.6802320068672526,0.927,80
107,3.922105060240964,0.13061928766344907,-0.732707570603099,0.23726696968163843,1.429,857.7000000000698,0.000520621317515061,0.9554397801894156,0.8656410224438903,1.1752109639155222,5.258015938139991,2.375826743963151,0.40000000000000013,1661.5200000000186,-0.0018416581491022116,0.6798887436996383,0.9055,79
108,3.925410480887793,0.1291815137030371,-0.7730577533837497,0.24904922784490377,1.398,838.9199999999255,0.0005262902388769822,0.9563933793732915,0.8684803726708075,1.1801670488828995,5.23753308582762,2.3728426214105522,0.401,1665.6599999999162,-0.0018439271592090008,0.6803424097652484,0.9275,78
109,3.8424650444186943,0.1574227822371327,-0.791473248858038,0.5428312778884585,1.49,2683.439999999944,0.00019889301650565506,0.9793955734610008,0.5118037209302325,0.4507689451087367,0.9741903932530906,1.3520305763075027,0.22100000000000009,1556.7000000000698,-0.0008956799760417879,0.8459639534961312,0.944,77
110,3.9204552220888353,0.1325466362039077,-0.7547055173526469,0.2124002375014155,1.435,861.0,0.0005268069898759147,0.9603177903605183,0.8552573971761818,1.1716173877936624,5.435145338839547,2.412041561322524,0.4009999999999998,1690.140000000014,-0.0017904021124404176,0.6754387507136248,0.923,76
111,3.926356622114216,0.12791077030440223,-0.7150497439240509,0.2397581594343494,1.423,853.3800000000047,0.0005113764315497379,0.9511088130367816,0.862527605459057,1.1701599061761054,5.322765752206262,2.3875451628003415,0.3999999999999999,1668.5400000000373,-0.0018235374156517152,0.6794020458407865,0.927,75
112,3.9240438935912936,0.12905219412903807,-0.7220592619225696,0.2444760231851791,1.424,854.7600000000093,0.0005156105965128405,0.9538121859128904,0.8750629234629862,1.1812912457480966,5.123783361694903,2.350162235517786,0.401,1654.3199999999488,-0.0018666802827077634,0.6838175943560356,0.894,74
113,3.9286906918238995,0.1269909655403323,-0.7861376003140066,0.2696339454927567,1.374,824.3399999999674,0.0005270192311707237,0.9560504005286518,0.8842477243994943,1.1889582039518225,5.034177378566884,2.3320066039060108,0.4019999999999999,1639.859999999986,-0.001903056132953089,0.6876318378950778,0.9245,73
114,3.9242775212636696,0.12909146361505325,-0.7240511055075975,0.25203986996756345,1.419,851.8199999999488,0.0005175082116708242,0.954092551244179,0.8739270168855535,1.180499345298784,5.098683544293854,2.344998048255045,0.4019999999999999,1657.3800000000047,-0.0018656746353330565,0.683358432295704,0.8765,72
115,3.928366364812419,0.12952788327601583,-0.827332052220676,0.23469985371243846,1.341,804.4200000000419,0.0005525194931128785,0.9653909711338711,0.8808552548772813,1.183140402262718,5.021784161938998,2.32753066544529,0.4029999999999998,1647.0,-0.0018885375008287513,0.6866903800632929,0.924,71
116,3.919678632478633,0.13292183980225414,-0.7618739664534613,0.2263769150855748,1.414,847.859999999986,0.0005361754241786595,0.9619491676725588,0.8823904671717172,1.181385439571959,4.984798828931969,2.3195861855476507,0.403,1643.1600000000326,-0.0018940431026465638,0.6884744576477727,0.935,70
117,3.9188301336573517,0.13335954808909306,-0.7516892970421445,0.21749839512548327,1.4200000000000002,851.9400000000605,0.0005352638867265827,0.9611291605620657,0.8806100313479625,1.1861272330407011,4.990861279073469,2.323686860650856,0.405,1656.0,-0.0018809814993655232,0.6860755059535983,0.9235,69
118,3.920553733170135,0.13260867699589,-0.7484619925751059,0.2162588770634231,1.411,846.7199999999721,0.0005355212094658943,0.959306988081154,0.878827732667083,1.1824403780605257,5.031042292304575,2.3310790130422534,0.405,1659.2399999999907,-0.0018698378787269329,0.6859313580814601,0.898,68
119,3.927892105263158,0.1284129506609219,-0.7666145901762578,0.24807416949565417,1.378,826.7999999999302,0.0005306459535639219,0.9550123970813408,0.8848673953778887,1.1906732283927755,4.990358648863678,2.323275760550465,0.40700000000000003,1661.0400000000373,-0.0018837871588479973,0.6877586231203368,0.907,67
120,3.843329949039592,0.1579008210087975,-0.8118907744381438,0.5318309670146223,1.4700000000000002,2646.659999999916,0.00020247901913221497,0.9801274695393926,0.5144728005372734,0.45267600121450247,0.9314837053054212,1.341722750239593,0.21999999999999997,1543.5,-0.000908004000679364,0.8472361195964151,0.938,66
121,3.92083924205379,0.13275665330495506,-0.7643127909372534,0.20933361684655136,1.413,847.859999999986,0.000535998144133099,0.9620396638357703,0.8695381918819189,1.1819885967739112,5.159954269405356,2.3574813907628966,0.40700000000000003,1685.8199999999488,-0.0018300548473777045,0.6809678715143209,0.9185,65
122,3.923857706535142,0.1306475105919333,-0.7471924469917943,0.21726311054611522,1.4020000000000001,840.7800000000279,0.0005317298138057223,0.9578634124721938,0.8704363859864781,1.181556600480468,5.137301171051881,2.3527741929386425,0.40700000000000003,1689.2399999999907,-0.0018258689168454266,0.6814392861841077,0.8975,64
123,3.925398740554156,0.13055621468881545,-0.7841151356054636,0.2183201601038133,1.372,822.6599999999162,0.0005436959911103886,0.9593684629940836,0.8748736744759557,1.1844498661853171,5.090888073772732,2.343804730973662,0.40800000000000014,1683.9000000000233,-0.0018402240518100106,0.6829906842081978,0.9155,63
124,3.9249168734491318,0.13039986191796737,-0.7424394365717997,0.2107016440143778,1.395,836.6999999999534,0.0005326898688060794,0.9566560516152783,0.8677658328248932,1.1794834979952558,5.170524757578383,2.3588149326819368,0.40900000000000003,1699.7399999999907,-0.0018097833854077176,0.6804785839332474,0.9165,62
125,3.9266848447204974,0.1295259572474861,-0.733881451343966,0.2149142899401324,1.395,836.8800000000047,0.000528057104953415,0.9536835197463259,0.8638509696969697,1.1758072471455225,5.183156683925866,2.3622531661258397,0.41000000000000014,1709.280000000028,-0.0017921802230973093,0.6788083006672558,0.9095,61
126,3.926856164383561,0.12970763266402105,-0.7279548688855622,0.19896426643455775,1.387,832.0799999999581,0.0005329096843518122,0.9533294149646077,0.8655078835657973,1.178011112083696,5.175144947869073,2.360758219319974,0.41100000000000003,1710.9600000000792,-0.001794157315145637,0.6793553282658494,0.8915,60
127,3.9310432569974556,0.12754949397419307,-0.7702841464133647,0.22114892992050497,1.359,815.2800000000279,0.0005350344383538619,0.9540833500634605,0.8666890236506974,1.1806164460727524,5.158973348975529,2.3587169630382068,0.41100000000000003,1712.5800000000745,-0.0017987270551919285,0.6790291497097508,0.897,59
128,3.927171302149178,0.13020323791186086,-0.7593603974748113,0.19650564985664234,1.366,819.5399999999208,0.0005439808130845152,0.9569375221430585,0.8707133738601823,1.182488578394189,5.0913299293180785,2.344423539534068,0.41200000000000014,1706.9400000000605,-0.0018100710314726918,0.6812943574712038,0.92,58
129,3.923865960099751,0.13093731239096132,-0.7551908021546554,0.2076864918532144,1.387,832.3800000000047,0.0005386915910767512,0.9586867167778224,0.8766567401960784,1.1855370752390302,4.997904501045042,2.3258377259528404,0.41100000000000003,1693.2600000000093,-0.001836225495136398,0.6839914126714192,0.9115,57
130,3.923073869346734,0.13275212536162348,-0.7803920798374295,0.19414258759931752,1.377,826.3200000000652,0.0005495439902889863,0.9625092032836053,0.8776143467643467,1.1865388949975464,4.986454704643889,2.3233671765303723,0.41400000000000015,1699.5,-0.0018341311619105149,0.6844895726601773,0.9155,56
131,3.8450470285261487,0.15787042443316313,-0.8237721570475589,0.5188935026357385,1.454,2618.5200000000186,0.00020458472754678606,0.9807886265058964,0.5108927392739274,0.44941811376226276,0.9396558114360927,1.3431682065969772,0.22399999999999998,1570.6799999999348,-0.0008866159237512765,0.845016108411369,0.9295,55
132,3.922452736318408,0.13278773979766723,-0.7633767212950358,0.19280599023384334,1.389,832.9200000000419,0.0005461932515634457,0.9618611623524703,0.876648990825688,1.1858945358206394,4.98967414274026,2.323342295657594,0.4119999999999999,1697.5200000000186,-0.0018343904643517632,0.6840294516635731,0.9045,54
133,3.924526042983565,0.13223399419074755,-0.7655411626222621,0.18128059175084146,1.3679999999999999,821.2199999999721,0.0005508692778723482,0.9601509526578816,0.8742592121212122,1.1848287569219507,5.046673481204252,2.334761275075793,0.41500000000000004,1710.719999999972,-0.0018134690080247962,0.6827909131139624,0.8905,53
134,3.928585275288092,0.12971278558586025,-0.7719603085208746,0.19337780762854304,1.3490000000000002,809.2799999999115,0.0005492560869942917,0.9583234269668216,0.8730738210399032,1.183318762861938,5.064108977035826,2.337573287539372,0.4159999999999999,1714.6800000000512,-0.0018076305121932639,0.6823776061794801,0.897,52
135,3.9267882802547773,0.13188726677728438,-0.7616382016637573,0.16745253494015144,1.356,813.6599999999162,0.0005551605204633657,0.9585020724350599,0.8693428485936564,1.1842953527250926,5.108069397235894,2.3477406905967038,0.41800000000000015,1735.0200000000186,-0.00178103200710442,0.680037810340022,0.91,51
136,3.924404298356511,0.1325183561461504,-0.766063479902221,0.17014197457231583,1.3659999999999999,819.7199999999721,0.0005535442062223278,0.9620903091744517,0.8731429602888087,1.1856574328764784,5.042591297753656,2.3344552614769096,0.41700000000000004,1723.3800000000047,-0.001801231229501155,0.6820925669936594,0.8985,50
137,3.9296011508951407,0.1294498098744168,-0.7314977014220032,0.16563374453520802,1.354,812.2199999999721,0.0005448781791915251,0.9534120522656869,0.8701827976190474,1.1863778892145553,5.110638077891409,2.3496773521038996,0.42000000000000015,1743.6600000000326,-0.0017752583390064614,0.6803632422527911,0.899,49
138,3.92872442455243,0.12993347487000384,-0.7543854366860181,0.1751207765788097,1.351,810.359999999986,0.0005491858321799388,0.9573360621573147,0.8685264565992865,1.1836121421284347,5.131034262748615,2.351914215721798,0.42100000000000004,1745.0399999999208,-0.0017706342765634578,0.6800463770223997,0.8905,48
139,3.9304539948453607,0.12969231333760428,-0.7443331042133359,0.16149342362621227,1.3410000000000002,804.8400000000838,0.0005518769842599274,0.9552915099082046,0.8675129300118624,1.1816789003565433,5.122822480231424,2.351358409256921,0.42100000000000004,1747.7399999999907,-0.0017627118835548063,0.6800403044620408,0.906,47
140,3.9270216112531973,0.1316674714114093,-0.7590565520346608,0.15346590432525867,1.351,810.7799999999115,0.0005560830023031015,0.9597192391224503,0.8691490230905862,1.1844848717824845,5.093915215124834,2.346226316862923,0.42200000000000015,1752.8399999999674,-0.001765643361581256,0.6801717284041813,0.893,46
141,3.9297292903225807,0.13046858287615745,-0.7493854131120989,0.1517747296459544,1.338,802.859999999986,0.000556635586935343,0.9574939796025299,0.861570789163722,1.179767211267567,5.187508528687744,2.3655197997399884,0.42300000000000004,1766.3399999999674,-0.0017391753552782618,0.6767370603878733,0.8995,45
142,3.846793445918778,0.15767369982568755,-0.8299788190844968,0.5063350947106526,1.4329999999999998,2577.9599999999627,0.00020784716723023331,0.9815057404318888,0.5112745535714286,0.4507503948725769,0.9787125486825237,1.3570786841847637,0.23199999999999998,1627.7399999999907,-0.0008562429557937228,0.8454550794280631,0.915,44
143,3.929602301790281,0.1313572485828565,-0.760174993492277,0.13527594682424,1.3499999999999999,809.9399999999441,0.0005559306478669601,0.9595087395108527,0.8574893395133257,1.1812723938277832,5.252537670556087,2.3779339533219654,0.42599999999999993,1792.9799999999814,-0.0017056324438986053,0.6738073978911112,0.8705,43
144,3.9315466225165565,0.13026880635186133,-0.7798671646428952,0.1458264146586885,1.306,783.6600000000326,0.0005698698376203276,0.9575272278313868,0.8694411590774689,1.1814877381278013,5.056352089109218,2.3382766295543207,0.42199999999999993,1753.0800000000745,-0.0017641271703500514,0.6804032888710275,0.884,42
145,3.9333984334203653,0.1282310439207043,-0.7299078767154819,0.15416732894807683,1.3230000000000002,793.859999999986,0.0005529098940671238,0.9531228995929794,0.8708069026548672,1.185118406826541,5.092987639120054,2.3442691824487496,0.42500000000000004,1758.2399999999907,-0.001762565965025517,0.680745055350019,0.8995,41
146,3.9267360570687417,0.1327740536459438,-0.7657208604128787,0.13836995884195485,1.332,799.5,0.0005689213946813192,0.9612895425778116,0.8786505644682115,1.1916221869423116,4.948973648997789,2.3185567740600788,0.42599999999999993,1746.2999999999302,-0.001790951638804344,0.6835631812410045,0.853,40
147,3.938784877384197,0.12654732045353065,-0.8259812521022671,0.1633086129010235,1.269,761.1600000000326,0.0005705276203464386,0.9602604404729633,0.8757780011827321,1.1893112055595927,5.003469779165496,2.328850689022965,0.42599999999999993,1752.4799999999814,-0.0017779099380989462,0.6822775329333631,0.852,39
148,3.940381830601093,0.12582145400428493,-0.820715914538269,0.16359201274570012,1.266,759.3000000000466,0.0005677340638089555,0.9585954792518719,0.8693383714118336,1.1852496157070904,5.096256208267572,2.3464128038452037,0.42700000000000005,1770.5400000000373,-0.0017478477847863412,0.679700990104859,0.8885,38
149,3.9341638743455505,0.12920809291658225,-0.7136430387117305,0.11877963973208609,1.3190000000000002,791.3399999999674,0.0005588139939531828,0.9534843405063217,0.8621727061556329,1.1791602477757002,5.151357605223286,2.3579785301553073,0.42799999999999994,1785.2999999999302,-0.0017205667722595874,0.6770897535469167,0.848,37
150,3.9391993131868137,0.12782447855270834,-0.8275780086236262,0.13335598243282365,1.257,754.140000000014,0.0005818297393241317,0.9610828765663985,0.8669073341094294,1.1831869609535612,5.0887872803397105,2.346604167696418,0.42799999999999994,1780.920000000042,-0.0017324762812913602,0.678593904253104,0.8725,36
151,3.9387285714285714,0.12734971781057228,-0.7118735270884526,0.10657027009643152,1.294,776.640000000014,0.0005610902863238832,0.9506411206591541,0.8580912169919632,1.1797504005177941,5.211660044228072,2.372002828420765,0.4309999999999998,1807.7399999999907,-0.001692151910428489,0.674596072249171,0.8735,35
152,3.935881659973226,0.12972951164381477,-0.7544892231333526,0.10089984756251977,1.2930000000000001,775.3200000000652,0.0005747329525048379,0.9569034958558446,0.8593383333333332,1.1795935423818507,5.155534168209503,2.3620145256954403,0.43100000000000005,1806.5400000000373,-0.0016957469247768358,0.6751932476659851,0.833,34
153,3.8517063598326358,0.15733465609093983,-0.8591287605150493,0.47819985818952804,1.378,2479.9799999999814,0.0002159627607545153,0.9828114217464856,0.5094924375000001,0.45100204202725525,0.9936356366621744,1.359360681299356,0.23499999999999988,1660.3200000000652,-0.0008387353082166644,0.8435182302536466,0.8965,33
154,3.934942516556291,0.13060601456825754,-0.7555344394599741,0.08818546132908556,1.303,781.7399999999907,0.0005729880215434708,0.9589578988056779,0.8491420903954802,1.1742513071496734,5.320158652927724,2.392808979769589,0.43399999999999994,1837.6199999999953,-0.0016520607342389118,0.6705683877492147,0.8615,32
155,3.940690094979647,0.12764164307066486,-0.7289588211893152,0.07928180051404617,1.2730000000000001,763.6799999999348,0.0005727411284278763,0.953243942706551,0.8528856334841629,1.1760770620968808,5.268297124125091,2.382384858963908,0.43300000000000005,1832.7600000000093,-0.0016591935333288065,0.6712408767219514,0.8535,31
156,3.9409734890109887,0.1276468621950819,-0.7538946815619489,0.08073263051837697,1.2590000000000001,755.1599999999162,0.0005804084488574551,0.9548434526221451,0.8562905382436261,1.1821205985800667,5.243339424299911,2.379274737234852,0.43500000000000005,1832.5200000000186,-0.0016680232506881857,0.672140923913385,0.87,30
157,3.938075338753388,0.12997593572892505,-0.7521048748663617,0.07024770884686496,1.2750000000000001,764.9399999999441,0.0005821988780395032,0.9579371830782792,0.8529644907146878,1.177617617002498,5.249724712509835,2.3803128901951807,0.43600000000000017,1844.7000000000698,-0.0016507067790965415,0.6709948708320844,0.863,29
158,3.9416696721311477,0.12788996823974486,-0.7058418506862765,0.04651791326595833,1.266,759.4799999999814,0.0005769924524125048,0.9526831574168951,0.8444926298157452,1.172017343166508,5.358217657336187,2.402239001532466,0.43600000000000017,1861.4399999999441,-0.0016206815306133737,0.6671168640411654,0.856,28
159,3.942405371900827,0.12826792503113368,-0.7353474555209063,0.04530691530886183,1.255,752.5199999999022,0.0005842023159478763,0.9557380613482105,0.8452415136338343,1.173535453662966,5.333551466988325,2.397651712227276,0.43700000000000006,1865.3399999999674,-0.0016198211411465433,0.6671316837329629,0.8335,27
160,3.950122869318182,0.1237909730540902,-0.7536304091226751,0.0568160835327903,1.219,731.0999999999767,0.0005804115943349411,0.9502484109939096,0.8400919977924945,1.1683255763693,5.395906567144046,2.409295525418946,0.43699999999999983,1879.0200000000186,-0.0015946255131207626,0.6647615568045482,0.8455,26
161,3.9454618715083796,0.12672559556836532,-0.7095374210456513,0.031758520213201274,1.2360000000000002,741.4200000000419,0.000585620959384133,0.9526417872824517,0.8467774569683508,1.174490023954783,5.3704629172035325,2.4027689203081075,0.43999999999999995,1868.0999999999767,-0.0016199661176915035,0.6677851465234422,0.846,25
162,3.9479345938375348,0.1251761715935896,-0.6925859295699888,0.031159445200386476,1.2340000000000002,740.1600000000326,0.0005794627770537109,0.9505924483106972,0.8486451577199778,1.179779711750738,5.328980959613514,2.3977268680513406,0.44100000000000006,1875.719999999972,-0.0016187344925279604,0.6677295731745888,0.8505,24
163,3.9434892307692304,0.1287523262800199,-0.7319450564816177,0.02078191749127781,1.235,741.0600000000559,0.0005952986076584831,0.9566162017650484,0.8513599556295065,1.1781678689610247,5.300078006605178,2.390900955144531,0.44200000000000017,1869.780000000028,-0.001624586296533508,0.6701218042867877,0.846,23
164,3.853541324786325,0.15752814426348566,-0.8707968579176764,0.45877532562381873,1.351,2431.20000000007,0.00022089492062546542,0.9839514173284389,0.508361229458308,0.44879968854566105,0.9773189806455678,1.355395083047106,0.24,1705.2000000000698,-0.0008127236218054143,0.8430329258666925,0.871,22
165,3.9435346740638,0.12938297121524103,-0.7376251831775993,0.01204604460753705,1.242,745.5,0.0005950883184719522,0.9571592115477578,0.8344545896328295,1.166613192189091,5.513592283855552,2.4303545943334948,0.44500000000000006,1920.8400000000838,-0.0015532191333780087,0.6627394321064197,0.797,21
166,3.9569947129909364,0.12320550285060691,-0.8601900470945982,0.03682749204373964,1.143,686.0400000000373,0.0006171457469324551,0.9654092630250366,0.8302215442764579,1.1645455492174877,5.5805635019645,2.4444185041203648,0.44300000000000006,1920.780000000028,-0.001546352130840474,0.659992081705252,0.842,20
167,3.9479642958748222,0.1273575495712807,-0.7103139484736132,-0.011449836186512932,1.214,728.3400000000838,0.0005997863997971152,0.9544620098191201,0.8381098865478119,1.17063086332416,5.4927229880769985,2.4277096281289277,0.44599999999999995,1919.4599999999627,-0.0015597950789262324,0.6633867052094921,0.803,19
168,3.9566699248120303,0.1228978925193069,-0.8090085793724908,0.015306378398094012,1.152,691.0200000000186,0.0006118592660534262,0.9595321139693528,0.8225995744680851,1.1624106757718211,5.697786012902682,2.466871169019403,0.44500000000000006,1951.140000000014,-0.0015098682682000875,0.6543410695055895,0.772,18
169,3.9658382911392405,0.11994194417975863,-0.8417893129931135,-0.01432750144100762,1.091,654.3000000000466,0.0006306371929732682,0.9652104187777945,0.8187599364069952,1.1601244764071013,5.724194081761354,2.4730556050640082,0.44499999999999984,1958.0999999999767,-0.0014987117305688285,0.6512127224649507,0.8065,17
170,3.9583189552238807,0.12350037665240736,-0.7222076014055849,-0.04115284486167799,1.156,693.359999999986,0.0006115007873449561,0.9502113409721235,0.8105535490605427,1.15436862058941,5.829217700935914,2.492468762266022,0.44700000000000006,1990.9800000000978,-0.0014570053055226032,0.644947447154335,0.8225,16
171,3.9515029411764706,0.12844483566385703,-0.7303026676869817,-0.06415457929856566,1.176,705.0599999999395,0.0006248916722594256,0.9570709686886527,0.8132525441329179,1.1564931993472254,5.795634030583008,2.486557363761503,0.44999999999999996,1996.7399999999907,-0.001459079357999487,0.6466820899520609,0.8215,15
172,3.955899852724596,0.1262248551436106,-0.67031397340401,-0.0894809913418125,1.1720000000000002,703.5,0.0006147476428797743,0.9526747899413776,0.8010446373850869,1.1484470430717568,5.981271090884121,2.5199997881459875,0.45199999999999996,2032.8000000000466,-0.0014151650526786877,0.638840367266193,0.724,14
173,3.984825654450261,0.11332146576415401,-0.7833523286480726,-0.11909382999913716,0.988,592.6800000000512,0.0006566383270339842,0.9637551070356248,0.8003538540071464,1.1523462094125612,5.936489033423012,2.5150550625704025,0.4520000000000002,2034.6600000000326,-0.0014146241453124738,0.636499900219438,0.799,13
174,3.965897404580153,0.12130631751518334,-0.6612981464104362,-0.11525714512263367,1.132,679.140000000014,0.0006119807235916997,0.9490517901170024,0.7864019950124688,1.1425483025276404,6.2056789590959145,2.5615117587149134,0.45300000000000007,2078.4000000000233,-0.0013585460724050695,0.6296660631300931,0.806,12
175,3.8598661427929946,0.1566418279909781,-0.8996973227696956,0.42052650993360685,1.284,2311.5599999999395,0.00023141540336471552,0.9853461431677272,0.5042708688245315,0.44438121038721995,1.0691636147757881,1.37391425629363,0.256,1826.8199999998324,-0.000750820630816004,0.8414097394773878,0.8355,11
176,3.9593202962962963,0.12608254274276756,-0.6394407126272901,-0.14113471481994933,1.166,699.4799999999814,0.0006176951622634936,0.9514326663003437,0.7828149606299213,1.1402833372628873,6.245046469260322,2.5686774257895326,0.45799999999999996,2110.320000000065,-0.0013353306888108979,0.6282093100621233,0.814,10
177,3.9619668168168167,0.12512324076055392,-0.5744408202923905,-0.1754027219810388,1.148,688.9799999999814,0.0006211125252159511,0.9476760476455947,0.7798392224409448,1.136055805784733,6.27090380577793,2.573782271387185,0.45599999999999996,2108.6999999999534,-0.0013293469150463667,0.6265545553151595,0.8035,9
178,3.9657226299694184,0.12371679686715786,-0.5776880633079129,-0.19011544429121477,1.1300000000000001,678.0,0.0006242480831995186,0.9485909537815974,0.7750851725814293,1.1366860322590246,6.365901313195007,2.591218377342929,0.4590000000000001,2137.679999999935,-0.0013037743799027687,0.6231861416960265,0.7925,8
179,3.9727071317829457,0.12052316114099788,-0.488253646705314,-0.23311137543370133,1.1130000000000002,667.6199999998789,0.0006164290469148575,0.9424126819996033,0.7576087369420702,1.1247880717141443,6.629781297940617,2.636776557974346,0.45999999999999996,2185.9799999999814,-0.0012491331210316328,0.6161872178131552,0.7935,7
180,3.971143457943925,0.12262576948141887,-0.486666736361125,-0.25746903037859453,1.1090000000000002,665.5200000000186,0.0006289093971558657,0.9440344278094923,0.7543591721542803,1.121584353280167,6.689737729436354,2.646702456524995,0.46199999999999997,2207.159999999916,-0.0012301482712361747,0.6017514203120514,0.742,6
181,3.988648217317488,0.11223644328714542,-0.6730076099660924,-0.2089011195558846,1.017,610.1999999999534,0.0006312988932486933,0.9570917758602858,0.7499558617468471,1.122648386628468,6.754980552235008,2.660527772320221,0.46199999999999997,2219.0400000000373,-0.0012184609197001645,0.5899678681864444,0.776,5
182,3.971412019230769,0.12473645836206956,-0.5640127867408697,-0.2680179765777045,1.0790000000000002,647.1599999999162,0.0006584256820524431,0.9487232509285483,0.7441558809855882,1.1094587560970954,6.840236460746894,2.668155106338606,0.4630000000000001,2233.5,-0.0011993378685159074,0.593723815573706,0.771,4
183,3.9763014539579973,0.12241661337781036,-0.43664006233348873,-0.3278825882695647,1.068,640.6799999999348,0.000652181718882653,0.9429823848505566,0.7351203366696997,1.1113819921894623,6.956176586822519,2.694127697061141,0.46599999999999997,2280.719999999972,-0.0011669676401510891,0.58304088990698,0.7655,3
184,3.982387049180328,0.1188056482190541,-0.3763363396954844,-0.3612134883135204,1.0530000000000002,631.4399999999441,0.0006403226840852044,0.9409769190558989,0.7271705882352942,1.1103258955056468,7.116065628900037,2.7207492403814357,0.47,2331.780000000028,-0.0011311880360914692,0.5748507845195481,0.722,2
185,3.993724156305506,0.11323002845650186,-0.6321225431915467,-0.29922284783603365,0.972,583.0200000000186,0.0006637528713590151,0.9568560741345802,0.7228958794860433,1.1092718032636613,7.168915274115108,2.7291513645475027,0.4700000000000001,2341.8600000001024,-0.001120998607679898,0.572252098210575,0.766,1
186,3.8717812530354543,0.15512106293901864,-0.9451553199073173,0.34855333566470126,1.1869999999999998,2136.660000000149,0.00024892032823514286,0.9869707278104962,0.4994341273951321,0.4392202156017715,1.2497144776998415,1.4137849034643217,0.278,2005.1999999999534,-0.0006733574640240768,0.8400135267899913,0.7865,0
